track_id,name,artists,tempo,energy,danceability,valence,loudness
503OTo2dSqe7qk76rgsbep,Still D.R.E.,"Dr. Dre, Snoop Dogg",93.33,0.657,0.5766,0.587,-9.29
4Li2WHPkuyCdtmokzW2007,Ni**as In Paris,"JAY-Z, Kanye West",140.15,0.3804,0.5715,0.7192,-12.0
03tqyYWC9Um2ZqU0ZN849H,No Hands (feat. Roscoe Dash & Wale),"Waka Flocka Flame, Roscoe Dash, Wale",131.7,0.5162,0.4726,0.2168,-9.37
0FDzzruyVECATHXKHFs9eJ,A Sky Full of Stars,Coldplay,124.91,0.6348,0.6452,0.2455,-5.49
0ByMNEPAPpOR5H69DVrTNy,Don't Stop The Music,Rihanna,122.68,0.8019,0.5983,0.6739,-4.14
4LwU4Vp6od3Sb08CsP99GC,The Next Episode,"Dr. Dre, Snoop Dogg",95.26,0.9039,0.5276,0.3479,-6.09
275a9yzwGB6ncAW4SxY7q3,Panda,Desiigner,145.1,0.9031,0.7185,0.3773,-5.81
6Pgkp4qUoTmJIPn7ReaGxL,Without You (feat. Sandro Cavazza),"Avicii, Sandro Cavazza",133.8,0.7328,0.8655,0.6856,0
1kMuU3TNQvHbqvXCWBodmP,Right Above It,"Lil Wayne, Drake",152,0.7884,0.6291,0.4962,-7.17
2bJvI42r8EF3wxjOuDav4r,Time of Our Lives,"Pitbull, Ne-Yo",124.2,0.5789,0.9526,0.7359,-9.61
3bidbhpOYeV4knp8AIu8Xn,Can't Hold Us (feat. Ray Dalton),"Macklemore, Ryan Lewis, Macklemore & Ryan Lewis, Ray Dalton",146.09,0.7704,0.7377,0.6606,-2.87
6YMXxomWa9gMt9gnhZOVJY,Addicted To You - David Guetta Remix,"Avicii, David Guetta",128,0.6577,0.6009,0.4194,-3.44
55h7vJchibLdUkxdlX3fK7,Treasure,Bruno Mars,116.1,0.5555,0.6527,0.4115,-10.99
4tCtwWceOPWzenK2HAIJSb,Work from Home (feat. Ty Dolla $ign),"Fifth Harmony, Ty Dolla $ign",104.93,0.9443,0.6622,0.933,-2.98
4fzsfWzRhPawzqhX8Qt9F3,Stronger,Kanye West,103.88,0.7254,0.7049,0.491,-7.03
7CYCgMa7IgSjDwL3THbeCa,Power,Little Mix,172.99,0.7961,0.7411,0.4246,-5.92
58q2HKrzhC3ozto2nDdN4z,I Like It,"Cardi B, Bad Bunny, J Balvin",136,0.8881,0.8667,0.6459,-10.72
2Fxmhks0bxGSBdJ92vM42m,bad guy,Billie Eilish,135.11,0.5405,0.6247,0.5021,-6.6
3KliPMvk1EvFZu9cvkj8p1,Work Bitch,Britney Spears,128,0.7705,0.9291,0.4028,-11.76
0d28khcov6AiegSCpG5TuT,Feel Good Inc.,"Gorillaz, De La Soul",138.3,0.6004,0.7312,0.6612,-8.89
2id8E4WvczfKHB4LHI7Np3,Edge of Seventeen,Stevie Nicks,225.9,0.5951,0.4473,0.6461,-6.75
6WrI0LAC5M1Rw2MnX2ZvEg,Don't Start Now,Dua Lipa,124.16,0.6352,0.4939,0.5637,-0.54
0rIAC4PXANcKmitJfoqmVm,Motivation,Normani,170.84,0.6638,0.5447,0.5931,-9.99
7KXjTSCq5nL1LoYtL7XAwS,HUMBLE.,Kendrick Lamar,149.8,0.5803,0.7022,0.4478,-10.35
5Z01UMMf7V1o0MzF86s6WJ,Lose Yourself,Eminem,171.6,0.7405,0.9025,0.5009,-10.96
0G21yYKMZoHa30cYVi1iA8,Welcome To The Jungle,Guns N' Roses,123.05,0.4426,0.53,0.3475,-0.62
0E6PsO3ymCfUh7pJQjBgkj,APESHIT,The Carters,160.25,0.5054,0.7528,0.5075,-3.44
2xLMifQCjDGFmkHkpNLD9h,SICKO MODE,Travis Scott,154.85,0.7278,0.6589,0.5188,-1.0
1D066zixBwqFYqBhKgdPzp,Fergalicious,"Fergie, will.i.am",128.8,0.7397,0.3385,0.6622,-5.07
7nXq1vaZiz7PdbfojpPjW5,Fighter,Christina Aguilera,94.4,0.5902,0.7398,0.654,-2.9
6D60klaHqbCl9ySc8VcRss,Stronger (What Doesn't Kill You),Kelly Clarkson,116.1,0.605,0.3818,0.174,-6.85
37f4ITSlgPX81ad2EvmVQr,Fight Song,Rachel Platten,175.9,0.4337,0.7986,0.6173,-1.7
3jagJCUbdqhDSPuxP8cAqF,Work It,Missy Elliott,101.8,0.8407,0.6395,0.353,-5.54
3RauEVgRgj1IuWdJ9fDs70,The Man,Taylor Swift,109.96,0.6174,0.8023,0.7493,-6.4
0VjIjW4GlUZAMYd2vXMi3b,Blinding Lights,The Weeknd,170.84,0.8229,0.9499,0.316,-5.76
0TlLq3lA83rQOYtrqBqSct,Nonstop,Drake,154.85,0.4891,0.7403,0.7155,-7.53
4RY96Asd9IefaL3X4LOLZ8,In Da Club,50 Cent,179.76,0.6321,0.7182,0.5177,-6.96
0v1XpBHnsbkCn7iJ9Ucr1l,It's My Life,Bon Jovi,119.84,0.9419,0.7882,0.1581,-3.28
2Mpj1Ul5OFPyyP4wB62Rvi,Survivor,Destiny's Child,160.9,0.4496,0.5791,0.5607,-2.79
0LWkaEyQRkF0XAms8Bg1fC,Party Up,DMX,100.84,0.7725,0.7153,0.3742,-4.8
7eheoW4hxrH51ww2QePVwF,Gonna Make You Sweat (Everybody Dance Now) (feat. Freedom Williams),"C & C Music Factory, Freedom Williams",114.5,0.7443,0.3907,0.5974,-8.09
21qnJAMtzC6S5SESuqQLEK,Pump Up The Jam,Technotronic,124.5,0.947,0.9034,0.5793,-6.39
6btyEL6NwUa97Nex9cZFvo,Pump It,Black Eyed Peas,153.7,0.7037,0.6114,0.2048,-7.85
2tUBqZG2AbRi7Q0BIrVrEj,I Wanna Dance with Somebody (Who Loves Me),Whitney Houston,118.8,0.6166,0.7241,0.5972,-5.37
4VqPOruhp5EdPBeR92t6lQ,Uprising,Muse,128,0.8672,0.8902,0.4763,-11.39
2KH16WveTQWT6KOG9Rg6e2,Eye of the Tiger,Survivor,108.8,0.6352,0.5702,0.7054,-7.54
0pqnGHJpmpxLKifKRmU6WP,Believer,Imagine Dragons,124.91,0.5476,0.3429,0.2642,-7.19
6nBQFAIVFmAx2oZ8p6lUg6,Tempo (feat. Missy Elliott),"Lizzo, Missy Elliott",107.11,0.7079,0.8266,0.5932,-6.99
0gFB5H3pHN13ERt2FyMuWi,It Takes Two,Rob Base & DJ EZ Rock,111.44,0.7259,0.4731,0.6837,-3.78
4iD3msRl5hJUBEtrQwnR4k,Take over Control (feat. Eva Simons),"AFROJACK, Eva Simons",130,0.6747,0.3123,0.8214,-7.91
6KlESwx6JWh4QiPYRU4Nm3,Smooth Criminal,Alien Ant Farm,126.8,0.4443,0.4741,0.5157,-9.69
5IVuqXILoxVWvWEPm82Jxr,Crazy In Love (feat. JAY-Z),"Beyoncé, JAY-Z",99.2,0.4397,0.7527,0.0727,-1.13
3r04p85xiJh9Wqk59YDYdc,OMG,"USHER, will.i.am",130,0.4811,0.6162,0.4405,-8.55
5iQYqhtjNeEw4Y8Ln5Nvsi,Turn Me On (feat. Nicki Minaj),"David Guetta, Nicki Minaj",128,0.7421,0.682,0.2992,-2.64
7LcfRTgAVTs5pQGEQgUEzN,"Moves Like Jagger - Studio Recording From ""The Voice"" Performance","Maroon 5, Christina Aguilera",128,0.906,0.7162,0.2879,-5.5
3LMArhgZTNXB4mrtLwkUSn,More,USHER,124.9,0.7252,0.2009,0.2777,-8.42
60NgMTkfSGmcMUModciLN4,Let's Go - Radio Edit - feat. Ne-Yo,Calvin Harris,128,0.8385,0.5058,0.3804,-4.6
3pU3mRumn5rWii1rKNu1eV,Bulletproof,La Roux,123,0.6077,0.4661,0.5495,-7.39
0obBFrPYkSoBJbvHfUIhkv,Sexy And I Know It,LMFAO,130,0.7221,0.382,0.3256,-3.82
12lZTPlXwUtrQuhEty6098,Raise Your Glass,P!nk,122,0.7092,0.5148,0.186,-0.62
5R9a4t5t5O0IsznsrKPVro,Single Ladies (Put a Ring on It),Beyoncé,97.1,0.7465,0.2601,0.4881,-7.31
5Qgd6JglVBBBaxgCJ52FRt,Push It (Glee Cast Version),Glee Cast,127.6,0.8061,0.6585,0.8214,-5.83
70dWrqAp30TmWeibQkn0i7,Party Rock Anthem,"LMFAO, Lauren Bennett, GoonRock",130,0.9603,0.6227,0.5531,-3.64
1bLG2x4ePXBr6TXFBOmXRk,We Found Love,"Rihanna, Calvin Harris",128,0.8275,0.4895,0.4578,-10.61
1brljRl4Fzy7wUFlD1uYZg,Domino,Jessie J,126.82,0.4835,0.5236,0.2481,-0.94
5Z7ygHQo02SUrFmcgpwsKW,Wild Ones (feat. Sia),"Flo Rida, Sia",126.8,0.905,0.5776,0.8337,-6.19
49ySwzAyvxcNXOkOP6ZB1L,The Motto,"Drake, Lil Wayne",101.1,0.713,0.7581,0.4435,-8.0
5FeuH4LtGxDWkSkhRG47QT,You Make Me Feel... (feat. Sabi),"Cobra Starship, Sabi",132.1,0.9255,0.6131,0.3661,-4.1
5cCAZS9VhLGEDV4NCfieeg,I Wanna Go,Britney Spears,130,0.8683,0.8161,0.5521,-4.55
6li2D8wQPvgwI2QIrGPhAF,My Life Would Suck Without You,Kelly Clarkson,145.1,0.5526,0.4717,0.6283,-6.32
1MOh2kEqV4QBcye2ciQAjp,Where Have You Been,Rihanna,128,0.4911,0.5704,0.219,-13.77
7nAeBxnvQYT01pzDnsiL3p,Countdown,Beyoncé,167.4,0.7132,0.6732,0.3633,-6.7
08IrLUx06jBA1Hv8kuAIw2,Stronger,Kanye West,103.88,0.5119,0.5902,0.611,-8.33
3NcO4jGK1Opb5ea0mYLpxb,Good Feeling,Flo Rida,128,0.7545,0.3876,0.3593,-3.07
4ujWhz3eOT9eV4RtptGWfe,4 Minutes - Featuring Justin Timberlake and Timbaland Album Version,Madonna,113,0.8427,0.5007,0.453,-3.28
7FfRF16SWU2h6tfB4lOqtA,Makes Me Wonder,Maroon 5,113.89,0.7765,0.2482,0.4651,-6.71
3941McqnrX9blUEelPxgot,Man! I Feel Like A Woman!,Shania Twain,124.91,0.8073,0.5814,0.4001,-4.6
0293bTPojlkLvyr8ojc74y,You Make My Dreams,Daryl Hall & John Oates,167.38,0.3908,0.7602,0.8224,-7.28
64B4UbGRLtGRBtiN2m8OvF,Love Shack - Edit,The B-52's,133.4,0.9378,0.8183,0.7954,-4.22
4hBW3h6FnQNh7NRmyxLLG7,Valerie - Cover of Mark Ronson feat. Amy Winehouse,Glee Cast,107.11,0.6763,0.667,0.7253,-1.76
72phhQtfwZcRweweRxxkmU,According To You,Orianthi,130.83,0.8315,0.6892,0.6844,-1.98
2Qo9jlq1X3luf3ueow7ZGR,Absolutely Not - Chanel Club Extended Mix Edit,"Deborah Cox, Hex Hector, Mac Quayle",130,0.5567,0.6017,0.4699,-8.76
5sNESr6pQfIhL3krM8CtZn,Numb / Encore,"JAY-Z, Linkin Park",107.1,0.9122,0.6365,0.4611,-6.92
4xkOaSrkexMciUUogZKVTS,Till I Collapse,"Eminem, Nate Dogg",85.6,0.9482,0.8245,0.3121,-1.59
7vwkKw2Xd7Pks1X712Au0T,Remember the Name (feat. Styles of Beyond),"Fort Minor, Styles Of Beyond",170.14,0.8908,0.4813,0.5326,-4.76
5YEOzOojehCqxGQCcQiyR4,Panda,Desiigner,145.1,0.8552,0.2406,0.603,-1.7
3xgK660fsZH7ZDcOMfIdfB,Jungle,"X Ambassadors, Jamie N Commons",78.01,0.7414,0.3634,0.6737,-5.18
4jtyUzZm9WLc2AdaJ1dso7,0 To 100 / The Catch Up,Drake,179.8,0.7286,0.6518,0.7638,-8.87
04aAxqtGp5pv12UXAg4pkq,Centuries,Fall Out Boy,87.97,0.4989,0.5533,0.5607,-13.32
2Heh0PiDG6F9fUHID8XV0Z,Warriors,Imagine Dragons,156.01,0.5841,0.7139,0.5705,-6.43
1NtIMM4N0cFa1dNzN15chl,Believer,Imagine Dragons,124.91,0.4299,0.8381,0.4564,-5.71
4G8gkOterJn0Ywt6uhqbhp,Radioactive,Imagine Dragons,136.45,0.8644,0.3663,0.2676,-11.39
3Szet5iVcwDfOgWgDbMP4F,Beast - Southpaw Remix,"Rob Bailey & The Hustle Standard, Busta Rhymes, KXNG Crooked, Tech N9ne",144.05,0.8765,0.7266,0.2264,-1.57
7Ie9W94M7OjPoZVV216Xus,Not Afraid,Eminem,172.3,0.4205,0.641,0.3782,-7.76
6C7RJEIUDqKkJRZVWdkfkH,Stronger,Kanye West,103.88,0.6335,0.3483,0.5644,-4.25
1KBuhAHzia2qoD4u6YhvER,Stiff Upper Lip,AC/DC,124.2,0.7747,0.481,0.6871,-7.73
6ndmKwWqMozN2tcZqzCX4K,Remember the Name (feat. Styles of Beyond),"Fort Minor, Styles Of Beyond",170.14,0.8008,0.7507,0.5321,-8.35
2AYTGaclgKXACh13nJRVcV,All The Way Up (Remix),"Fat Joe, Remy Ma, JAY-Z, French Montana, InfaRed",175.19,0.8371,0.6157,0.8268,-5.29
4rUuanKJphrXkijshlCoUC,The Time Is Now (John Cena),"WWE, John Cena, Tha Trademarc",87,0.6425,0.6638,0.2648,0
1AcGKHRv5Q4TJd9yb4vjHE,Sing For The Moment,Eminem,164.1,0.8207,0.9139,0.5718,-4.06
4SE4yewyGpOYfxfx59Yjc5,Cinderella Man,Eminem,86,0.6909,0.8827,0.8342,-5.64
7s0lDK7y3XLmI7tcsRAbW0,My Songs Know What You Did In The Dark (Light Em Up),Fall Out Boy,152,0.4608,0.6816,0.5385,-6.0
6HfOzLLjsaXsehIFEsrxTk,Trophies,"Young Money, Drake",144.1,0.6394,0.4554,0.8708,-9.28
2P884dqfjksDMSzUZksfrS,Hells Bells,AC/DC,106.8,0.9482,0.5725,0.6672,-6.25
1Qf7H7d1TNP8VfPVDRLY0D,For Those About to Rock (We Salute You),AC/DC,132.9,0.7055,0.7315,0.3933,-4.32
2SL6oP2YAEQbqsrkOzRGO4,Venom - Music From The Motion Picture,Eminem,136,0.74,0.9238,0.2245,-2.26
7cfvP13Bqb1EyCZQiYsLum,Can’t Take A Joke,Drake,173.71,0.435,0.4754,0.1888,-4.57
2jt2WxXMCD4zjACthkJQVE,The Ringer,Eminem,118.46,0.6538,0.6403,0.337,-10.66
58QhkbaAkLFnn7JwAnAato,Fall,Eminem,182.94,0.6959,0.8892,0.0842,-6.51
22nyEAEM29tcBRhukR089b,Icon,Jaden,119.84,0.6133,0.6509,0.3763,-9.38
7l3E7lcozEodtVsSTCkcaA,ZEZE (feat. Travis Scott & Offset),"Kodak Black, Offset, Travis Scott",97.97,0.7838,0.712,0.4434,-1.89
42zd6DYQ4o4SECmTITrM1U,Dreams and Nightmares,Meek Mill,159.6,0.702,0.9461,0.6429,-8.64
1PjKowBEfdICVBaxJDPsvm,Prima Donna,"Vince Staples, A$AP Rocky",154.27,0.5372,0.6978,0.8102,-4.31
2IRZnDFmlqMuOrYOLnZZyc,Going Bad (feat. Drake),"Meek Mill, Drake",172.27,0.9758,0.6163,0.4863,-2.82
2gcWBtz13XcrxtKuPSICsh,Lord Pretty Flacko Jodye 2 (LPFJ2),A$AP Rocky,103.9,0.9171,0.596,0.634,-6.72
37BZB0z9T8Xu7U3e65qxFy,Save Your Tears (with Ariana Grande) (Remix),"The Weeknd, Ariana Grande",87.04,0.7769,0.4519,0.692,-3.03
5knrAEjUMh6T2kDCN7YD2b,Sun Goes Down,"Bruno Martini, Isadora",121.96,0.642,0.9014,0.6113,-5.51
3JA9Jsuxr4xgHXEawAdCp4,Just Can’t Get Enough,Black Eyed Peas,94,0.7977,0.5311,0.5147,-3.7
2Foc5Q5nqNiosCNqttzHof,Get Lucky (Radio Edit) [feat. Pharrell Williams and Nile Rodgers],"Daft Punk, Pharrell Williams, Nile Rodgers",116.13,0.9706,0.4353,0.2271,-2.78
0vbC9QwoKniN2ym7zIqEqo,The Scientist,"linequat, Pherick",119.15,0.6015,0.7098,0.609,-5.03
7yNf9YjeO5JXUE3JEBgnYc,Babydoll,Dominic Fike,168.06,0.7518,0.5744,0.563,-3.11
5o126gjHW5VqsPQb7Rf2IM,Instant Crush (feat. Julian Casablancas),"Daft Punk, Julian Casablancas",110,0.7547,0.7734,0.7118,-7.22
1NFnSycFY2NNT4NjB9SUNl,What Is Love,"Max Oazo, Camishe",121.96,0.8306,0.295,0.7663,-5.95
62aP9fBQKYKxi7PDXwcUAS,ily (i love you baby) (feat. Emilee),"Surf Mesa, Emilee",112.04,0.7812,0.7972,0.574,-6.93
7N3KIPb2x4FzKUeonhw9sd,Runaways (feat. Teemu),"Sam Feldt, Deepend, Teemu",119.84,0.7224,0.8367,0.2333,-7.56
6PkzXU8dlwtfrwyTlUyVnv,Show Me Love - EDX Remix / Radio Edit,"Sam Feldt, Kimberly Anne, EDX",120.89,0.4653,0.4955,0.5592,-5.05
5EV4bGHxVN0kHpcAFvgnTt,"Dance, Baby!",boy pablo,121.96,0.6906,0.5899,0.587,-6.18
0SBariQWfKjoslW2XSIFOm,Seventeen,Peach Pit,182.94,0.4896,0.7031,0.771,-4.78
6UelLqGlWMcVH1E5c4H7lY,Watermelon Sugar,Harry Styles,95.48,0.8002,0.7202,0.4892,-7.6
3NLnwwAQbbFKcEcV8hDItk,Perfect,One Direction,99.9,0.5005,0.5776,0.4386,-7.0
7taeV6Kz3xIgjx5QR0eG8p,La La Land,Bryce Vine,97.97,0.6582,0.5456,0.4723,-10.1
12pdXFcruNcPUbZypKUDgz,Love Is Mystical,Cold War Kids,106.01,0.7442,0.3164,0.4168,-5.48
4Sfa7hdVkqlM8UW5LsSY3F,Take a Walk,Passion Pit,101.1,0.8579,0.5648,0.6195,-9.24
21RDsw7wzUJNl2FbWTgEfJ,Praise You,Fatboy Slim,109.7,0.715,0.4058,0.2657,-5.1
7lrDNvF3TwuC5vC2fGiMjy,Mess Is Mine,Vance Joy,107.9,0.4182,0.6458,0.3857,-5.34
0evnUdYzW18jCOTPNXZTzH,10 Victoria's Secret Models,MAX,145.07,0.4864,0.834,0.5061,-6.0
3GzZfni9NCD54x1prgpIYl,Daphne Blue,The Band CAMINO,118.12,0.6136,0.5441,0.2044,-8.78
52a6VcF23v5HB7KfDEmBHq,Carried Away,Passion Pit,119.8,0.7057,0.823,0.2009,-8.69
5WBnKCEsPwsvWHUZmLjS3s,Alive,Empire Of The Sun,119.8,0.6998,0.5112,0.8574,-11.71
312WNtMs3F28cUukaPY9bo,American Teen,Khalid,99.86,0.7027,0.6724,0.6352,0
4HRa9ZWcmZ8JD7UySPu0wT,Don't Stop (Color on the Walls),Foster The People,132.9,0.4749,0.7062,0.5598,-2.62
5qEn8c0MBzyRKgQq91Vevi,Out of My League,Fitz and The Tantrums,170.1,0.8135,0.7282,0.711,-9.31
2GiJYvgVaD2HtM8GqD9EgQ,Electric Love,BØRNS,119.8,0.5873,0.4372,0.8559,-5.8
3KkXRkHbMCARz0aVfEt68P,Sunflower - Spider-Man: Into the Spider-Verse,"Post Malone, Swae Lee",95.04,0.9443,0.6693,0.4689,-6.92
0SA903LGHxe4ExdRY2SqVH,Killer Queen,5 Seconds of Summer,113.89,0.846,0.6528,0.3749,-2.79
5qLUFu9bopRnFhPxddeDmA,Rhythm Is A Dancer,"Amero, Camitz, Kristianex",104.93,0.7487,0.7272,0.5581,-7.48
3AzjcOeAmA57TIOr9zF1ZW,Physical,Dua Lipa,147.13,0.2249,0.9402,0.1474,-6.96
0COqiPhxzoWICwFCS4eZcp,Bring Me To Life,Evanescence,95,0.8244,0.6345,0.285,-3.89
5cF0dROlMOK5uNZtivgu50,Attention,Charlie Puth,99.86,0.8043,0.3993,0.4842,-11.92
3xKsf9qdS1CyvXSMEid6g8,Pink + White,Frank Ocean,160.25,0.9137,0.7905,0.3625,-4.81
3B54sVLJ402zGa6Xm4YGNe,Unforgettable,"French Montana, Swae Lee",97.97,0.4367,0.7634,0.2562,-8.12
6ic8OlLUNEATToEFU3xmaH,Gimme More,Britney Spears,113.3,0.4225,0.7077,0.3224,-1.76
6QFCMUUq1T2Vf5sFUXcuQ7,Beauty And A Beat,"Justin Bieber, Nicki Minaj",128,0.8644,0.5157,0.4383,-8.49
2ogKhhoMClkFXek7ZgxAhN,Shameless,Camila Cabello,130.01,0.7173,0.5302,0.4647,-10.58
5NARCwodmWYJk1o9S7BLYs,The Spark,"AFROJACK, Spree Wilson",126,0.9574,0.4094,0.4213,-0.9
50NAIobH05JEcGUG8KL4K9,Tokyo by Night - Axwell Remix,"Hook N Sling, Karin Park, Axwell",128,0.6481,0.7275,0.5329,-6.11
6wDPn9E6hYBsMiCNkE4Wuo,Shadow of the Sun - Mako Remix,"Max Elto, Mako",126,0.4808,0.7273,0.1934,-1.49
4kbj5MwxO1bq9wjT5g9HaA,Shut Up and Dance,WALK THE MOON,128,0.668,0.7882,0.2412,-6.24
66hayvUbTotekKU3H4ta1f,Where Are Ü Now (with Justin Bieber),"Jack Ü, Skrillex, Diplo, Justin Bieber",140.2,0.6112,0.6853,0.4742,-2.42
4hNW0Hf1GOTdifyrLKkYwL,I Believe,"KB, Mattie of For Today",164.7,0.8078,0.244,0.6084,-8.73
3PTDg8JxrOTP1csXzAXK8G,Undefeated (feat. KB),"Tauren Wells, KB",186.23,0.9339,0.7455,0.4313,-6.91
4iLqG9SeJSnt0cSPICSjxv,Attention,Charlie Puth,99.86,0.794,0.6317,0.3558,-4.48
6ox0BtzYRNG5RmuWvHQeGE,Fight for Me,"GAWVI, Lecrae",160.25,0.8066,0.7039,0.684,-8.2
6Knv6wdA0luoMUuuoYi2i1,My House,Flo Rida,187.9,0.472,0.4149,0.3781,-6.63
1ulAlG3x3jWtCCK2SI4qyL,Lose Control (feat. Ciara & Fat Man Scoop),"Missy Elliott, Ciara, Fatman Scoop",125.3,0.4702,0.3837,0.8482,-3.46
5QjJgPU8AJeickx34f7on6,Levels - Radio Edit,Avicii,126,0.6842,0.8397,0.3644,-2.25
3PfIrDoz19wz7qK7tYeu62,Don't Start Now,Dua Lipa,124.16,0.3332,0.3923,0.2378,0
3Wrjm47oTz2sjIgck11l5e,Beggin',Måneskin,133.8,0.8357,0.7731,0.344,-13.79
77mXgNePTK6pTC9afLQvi3,Bring It Back,"MOTi, BODYWORX",126.05,0.7299,0.4545,0.5317,-7.17
62U9oSSCZpeO4O3PtRyzqd,We Make It Bounce (feat. Major Lazer & Stylo G),"Dillon Francis, Major Lazer, Stylo G",128,0.6914,0.3948,0.595,-8.48
1LV5G400jD3Ytvyv6Dlkym,Right In,Skrillex,140.2,0.6736,0.2817,0.367,-6.01
1KDYN3odJHnj9pqGHN3FVs,My Body,Young the Giant,130,0.7742,0.6866,0.5017,-4.91
0ct6r3EGTcMLPtrXHDvVjc,The Nights,Avicii,126.05,0.7532,0.4469,0.6731,-5.66
1RJZLVGpBG9nNZiHRQSWTp,"Recess (with Kill The Noise, Fatman Scoop, and Michael Angelakos)","Skrillex, Fatman Scoop, Kill The Noise, Michael Angelakos",103.88,0.848,0.6096,0.3576,-6.05
1rqqCSm0Qe4I9rUvWncaom,High Hopes,Panic! At The Disco,164.06,0.5562,0.7232,0.4022,-4.25
4KraKuKPaSgHLZaqBRJNHc,Killin' It,Krewella,160.2,0.6633,0.3478,0.5332,-0.42
5o04dkaIX0dkryvBXngHaS,Hit The Road Jack,Throttle,124.16,0.8974,0.673,0.4061,-0.75
0kD586ste6xyDRqUYhVlCh,Savage (feat. Flux Pavilion & MAX),"Whethan, Flux Pavilion, MAX",179.76,0.7711,0.9191,0.4632,-7.87
39shmbIHICJ2Wxnk1fPSdz,Should I Stay or Should I Go - Remastered,The Clash,113.3,0.765,0.7497,0.3939,-7.27
2zBXZY8lvzzmtzm07uImXc,Ragga Bomb (with Ragga Twins),"Skrillex, Ragga Twins",173.71,0.897,0.9419,0.282,-8.06
4lhqb6JvbHId48OUJGwymk,Hey Brother,Avicii,124.9,0.7219,0.4595,0.4271,-4.29
0A9mHc7oYUoCECqByV8cQR,Animals,Martin Garrix,128,0.6716,0.8581,0.4919,-5.65
1JDIArrcepzWDTAWXdGYmP,I Want You To Know,"Zedd, Selena Gomez",130,0.402,0.8886,0.6226,-4.21
01TuObJVd7owWchVRuQbQw,#thatPOWER,"will.i.am, Justin Bieber",128,0.5101,0.5381,0.5818,-7.25
49Gl1IylRVeiBBjBP0dCzW,Rock That Body - Chris Lake Remix,Black Eyed Peas,126.8,0.5821,0.3096,0.6412,-4.09
3q8zQsSAO8KX4zCuOyte1n,Stereo Love - Molella RMX Radio Edit,"Edward Maya, Vika Jigulina",126.8,0.7708,0.6072,0.4297,-4.29
5GHVp2CCufZ8MJzYE82W7R,Waiting for Tonight - Radio Edit,"Jennifer Lopez, FISHER",128.8,0.4545,0.6574,0.4357,-3.86
2SiXAy7TuUkycRVbbWDEpo,You Shook Me All Night Long,AC/DC,129.2,0.7803,0.5377,0.5342,-4.93
3ZOEytgrvLwQaqXreDs2Jx,Can't Stop,Red Hot Chili Peppers,182.9,0.8407,0.9221,0.7288,-6.17
6lSr3iZTC144PKhvbPFzMp,Blurry,Puddle Of Mudd,157.2,0.74,0.7414,0.3996,-4.85
1nLnpLXvl68RZCSjfkyiaa,Brain Stew,Green Day,151.4,0.4905,0.7466,0.3502,-9.82
1ju7EsSGvRybSNEsRvc7qY,Simple Man,Lynyrd Skynyrd,119.49,0.8257,0.7225,0.6251,-9.58
7LRMbd3LEoV5wZJvXT1Lwb,T.N.T.,AC/DC,126.8,0.8601,0.4035,0.7456,-13.08
57bgtoPSgt236HzfBOd8kj,Thunderstruck,AC/DC,133.4,0.5532,0.7362,0.566,-5.68
5W8YXBz9MTIDyrpYaCg2Ky,Last Resort,Papa Roach,90.5,0.8898,0.6047,0.4071,-5.97
5NIPsWpDjJTFBoPxCUUeXp,Welcome To The Jungle,Guns N' Roses,123.05,0.7053,0.8528,0.228,-5.93
39AqQWRaP77mkS1MZfm2Nv,Closer - Presets Remix,"Kings of Leon, The Presets",157.8,0.7593,0.2651,0.7856,-6.74
7CpbhqKUedOIrcvc94p60Y,Bodies,Drowning Pool,130.8,0.589,0.5386,0.6395,-7.11
4JjUwfp8GQ3PxWg2QPKnpn,300 Violin Orchestra,Jorge Quintero,89.88,0.7654,0.1993,0.1947,-6.11
42T2QQv3xgBlpQxaSP7lnK,One Last Breath,Creed,126.8,0.5277,0.7119,0.1872,-5.01
60a0Rd6pjrkxjPbaKzXjfq,In the End,Linkin Park,105.2,0.886,0.7993,0.7728,-3.6
57BrRMwf9LrcmuOsyGilwr,Crawling,Linkin Park,105.2,0.9129,0.1945,0.3539,-3.85
5wnfZ7VjDpZNyfJkqc9I1d,Jungle - Remix,"X Ambassadors, Jamie N Commons, JAY-Z",78,0.6506,0.5991,0.8754,-3.69
7dyluIqv7QYVTXXZiMWPHW,Numb / Encore,"JAY-Z, Linkin Park",107.1,0.521,0.4902,0.5813,-3.44
5ghIJDpPoe3CfHMGu71E6T,Smells Like Teen Spirit,Nirvana,116.1,0.4707,0.6022,0.8663,-9.84
2kQuhkFX7uSVepCD3h29g5,Smack That,"Akon, Eminem",118.8,0.9535,0.8892,0.2352,-9.56
70Vdd1gx5tn84jkAU31ASv,Sexy And I Know It,LMFAO,130,0.7879,0.6531,0.6352,-4.14
79zvVrn65ksbiGQxrtV4I5,Guaya Guaya,Don Omar,183.8,0.6187,0.4181,0.5541,-4.72
3GpbwCm3YxiWDvy29Uo3vP,Right Round,"Flo Rida, Kesha",124.9,0.618,0.5399,0.5214,-8.8
7uUYUy2qLfev9ppNvFBHpX,Pasarela,Daddy Yankee,120.9,0.7669,0.9729,0.6432,-3.44
5CsDo9j3N4yFZNCN1h9loS,Never Enough,"Eminem, 50 Cent, Nate Dogg",95.9,0.7605,0.6851,0.6188,-5.73
1cTZMwcBJT0Ka3UJPXOeeN,Nice For What,Drake,187.08,0.7338,0.7148,0.3942,-12.01
2qsQ8eVDPmobZpvDxQCVQu,Barbie Tingz,Nicki Minaj,102.59,0.7274,0.5853,0.4907,-3.35
1IOUjV691X97zd8b2g61Ek,Crickets - Gangster Summer Remix,"Drop City Yacht Club, Jeremih",130,0.8361,0.6307,0.518,-10.16
55VzNhbcf0Gxf6qRCUAV01,Little Bad Girl (feat. Taio Cruz & Ludacris),"David Guetta, Ludacris, Taio Cruz",126.8,0.6317,0.4993,0.6434,-5.47
20LxTsa6936zOlzTWqoPVt,The Next Episode,"Dr. Dre, Snoop Dogg",95.26,0.9314,0.5106,0.4324,-7.28
6VRhkROS2SZHGlp0pxndbJ,Bangarang (feat. Sirah),"Skrillex, Sirah",110,0.7822,0.8349,0.4878,-4.24
5XfQTbialQHn9PhDb0p85H,Crazy Bitch,Buckcherry,98,0.7884,0.7566,0.4917,-3.27
69bHJ9qs5FrUJbKP8xU8uZ,Disco Inferno,50 Cent,97.05,0.7357,0.4066,0.8046,-5.48
0zlD8JjDsFUUmofqPE83Cj,Turn Me On (feat. Nicki Minaj),"David Guetta, Nicki Minaj",128,0.4062,0.4633,0.6418,-3.8
2SSFvQBwsxeazzo7z5l9gD,Delirious (Boneless) (feat. Kid Ink),"Steve Aoki, Chris Lake, Tujamo, Kid Ink",128,0.5623,0.9771,0.7974,-1.67
3wScL5W8H40zzCKN0atfBk,Uproar,"Lil Wayne, Swizz Beatz",98.91,0.3718,0.2019,0.681,-8.44
23sSQdz3esjEa1m2SCE9yY,Groove,Oiki,140.2,0.6645,0.7646,0.6886,-7.44
6ScJMrlpiLfZUGtWp4QIVt,A Milli,Lil Wayne,152,0.7337,0.6914,0.4368,-1.77
0z5ZPs57J2KERwM1tBM2GF,6 Foot 7 Foot,"Lil Wayne, Cory Gunz",168.1,0.5675,0.9393,0.4534,-8.42
3Jv1XgMPVjdN5xGfnRJ20s,Pop That,"French Montana, Rick Ross, Drake, Lil Wayne",137.8,0.3283,0.6296,0.5174,-6.35
5pBvNeOAJ54zgd5lEOmM3b,Without Me,Eminem,112.3,0.9587,0.8335,0.7297,-6.86
0sf12qNH5qcw8qpgymFOqD,Blinding Lights,The Weeknd,170.84,0.8316,0.4082,0.4182,-1.65
4NOZ35Dhucr6UlVyLOtktd,Dangerous,"Kardinal Offishall, Akon",117.1,0.767,0.7521,0.1826,-4.22
3RLC8jJmDOZwrJ5izaISXr,Blackout,Breathe Carolina,123,0.7813,0.4045,0.3704,-8.54
5ka2ajep9OAvU5Sgduhiex,Applause,Lady Gaga,140.15,0.5985,0.5997,0.5061,-1.78
2ACOWPLUe4A4KuQ5ioD2od,That's My Girl,Fifth Harmony,101.08,0.5954,0.8192,0.4859,-7.0
1ms5tNNdPouTtcD2oVF9Oz,"Work Hard, Play Hard",Wiz Khalifa,140.2,0.7572,0.8057,0.437,-3.87
6ouTGbETM7ZdID1eMXZJde,Day 'N' Nite - Crookers Remix,"Kid Cudi, Crookers",130.01,0.9636,0.6877,0.1415,-2.51
5aooThgj87ID0vgiyvcjPM,I'm Goin In,"Drake, Lil Wayne, Jeezy",170.14,0.9299,0.6058,0.4831,-2.84
22SXyL6pUjwIvGWvgGjLov,Can't Feel My Face - Martin Garrix Remix,"The Weeknd, Martin Garrix",128,0.7141,0.4043,0.5396,-7.58
2D20D6gxMn8iJV4ij30DIV,Habits (Stay High) - The Chainsmokers Radio Edit,"Tove Lo, The Chainsmokers",128,0.7875,0.7082,0.512,-8.35
18rHGxr6QDiPieSTo7cUGL,Everytime We Touch - Hardwell & Maurice West Remix,"Cascada, Maurice West",145.07,0.7673,0.6258,0.6596,-4.8
2gBQ35qqBE75t00kV221Xy,New World,"Krewella, Yellow Claw, Taylor Bennett",162.77,0.7783,0.5212,0.775,-8.78
0WSjVLITbxV6kVXndziQDm,Drop That Low (When I Dip),Tujamo,126.05,0.6918,0.8729,0.2898,0
4ZsjbipIP09tLf6gdURakt,Roses (feat. ROZES) - The Him Remix,"The Chainsmokers, ROZES, The Him",122,0.7864,0.4856,0.426,-5.71
5pT2YfSaNwYsBPbIuBb0PE,Jackie Chan - Sebastian Perez Remix,"Tiësto, Dzeko, Preme, Post Malone, Sebastian Perez",124.91,0.7092,0.5714,0.2452,-7.95
2vIzH4NfFGoJHA5rn1dFWT,Youngblood - R3HAB Remix,"5 Seconds of Summer, R3HAB",142.07,0.5579,0.9098,0.3384,-4.97
0y9BfPlsevtBLOdKfaeyuK,Sweet but Psycho - Leon Lour Remix,"Ava Max, Leon Lour",148.19,0.5223,0.5019,0.4654,-7.52
2Y7IyUXMDQCSQBLiSTxOlC,New Rules - MRK Club Mix,"Dua Lipa, MRK",124.16,0.8144,0.6551,0.6751,-3.18
3jLL6N7xmxrmKhlQCO6Nou,Say What You Wanna - Mizmo Remix,"Tujamo, Mizmo",126.05,0.7593,0.717,0.305,-10.37
2wOVXsIRIoniqipE9I5ZVx,Only Want You - Sam Feldt Remix,"Rita Ora, Sam Feldt",106.01,0.9524,0.6092,0.1685,0
3eLdNmnRWr9gIyBcqTSSti,SOS - Laidback Luke Tribute Remix / Radio Edit,"Avicii, Aloe Blacc, Laidback Luke",124.16,0.8128,0.696,0.766,-9.29
5cHPZbPlo4Lv82mTP45WfU,DJ Got Us Fallin' In Love (feat. Pitbull) - Jump Smokers Radio Mix,"USHER, Pitbull, Jump Smokers",126,0.8652,0.8932,0.6895,-6.15
0oliuZWC43aafuxqNlGuxy,Just Got Paid (feat. French Montana) - M-22 Remix,"Sigala, Ella Eyre, Meghan Trainor, French Montana, M-22",123.78,0.6516,0.5979,0.3615,-5.25
25hzDByizJNuGTRChXMkFj,365 - Ellis Remix,"Zedd, Katy Perry, ellis",112.04,0.9311,0.8661,0.5018,-8.05
0SvTKEBT6vWVqQuEAd1A6w,Complicated (feat. Kiiara) - Brennan Heart Remix,"Dimitri Vegas & Like Mike, David Guetta, Kiiara, Brennan Heart",179.76,0.8095,0.5463,0.6773,-3.02
7Ar4RGXyC9txrAWqGih972,Kiss It Better - R3hab Remix,Rihanna,102.08,0.8491,0.1432,0.4587,-10.42
1FlIzyCvRFQUE4pc7PiaIo,High Hopes - Don Diablo Remix,"Panic! At The Disco, Don Diablo",126.05,0.8037,0.8974,0.4401,-2.31
3jwQwGVERUXo7eaAgL1xAo,Sixteen - Don Diablo Remix,"Ellie Goulding, Don Diablo",124.16,0.7198,0.281,0.5597,-4.33
6dfXwa0dI1sBm4CIePuOYM,Levels,Avicii,126,0.4869,0.4291,0.7156,-7.44
2V05pcM6aYAZOTkL2WMwRq,Summer Days (feat. Macklemore & Patrick Stump of Fall Out Boy) - Haywyre Remix,"Martin Garrix, Macklemore, Fall Out Boy, Haywyre",117.12,0.6719,0.7988,0.3884,-7.25
1CshSPWFrIZTXrAXHMc4jG,Stay (Don't Go Away) [feat. Raye] - David Guetta & R3HAB Remix,"David Guetta, RAYE, R3HAB",126.82,0.5522,0.356,0.3529,-2.52
3ajiUFrVUHsmU5F2pv3kzd,Audio - CID Remix,"Sia, Diplo, Labrinth, LSD, CID",123.78,0.744,0.6055,0.1512,-5.98
389MC596K4IN35zaHAyuYz,Scared To Be Lonely - Brooks Remix,"Martin Garrix, Dua Lipa, Brooks",128,0.4444,0.8971,0.2474,-11.64
2Ceq5Ty6rJqazoZIWyS0Vc,Ocean (feat. Khalid) - David Guetta Remix,"Martin Garrix, David Guetta, Khalid",126.82,0.3247,0.3009,0.3718,-4.96
7swFgLy1v4he4fZUpIWwiK,Wigs (feat. City Girls & Antha Pantha),"A$AP Ferg, City Girls, Antha Pantha",176.68,0.5903,0.8188,0.2577,-2.88
5EdYlCWou17k0N1PADLKfO,Call You Mine (feat. Bebe Rexha) - Asketa & Natan Chaim Remix,"The Chainsmokers, Bebe Rexha, Asketa & Natan Chaim",114.84,0.8586,0.4648,0.474,-1.36
4QAUGy6k7c3IOAhgWz52r7,Heaven - David Guetta & MORTEN Remix,"Avicii, David Guetta, MORTEN",126.05,0.709,0.7825,0.5291,-5.27
3AUW7mAGx1BICBWqsuFgh4,Silence - Tiësto's Big Room Remix,"Marshmello, Khalid, Tiësto",130.01,0.7629,0.2808,0.3045,-10.31
6PUIzlqotEmPuBfjbwYWOB,Summertime Sadness (Lana Del Rey Vs. Cedric Gervais) - Cedric Gervais Remix,"Lana Del Rey, Cedric Gervais",126,0.8154,0.8007,0.7423,-7.75
0xMd5bcWTbyXS7wPrBtZA6,Burn,Ellie Goulding,173.7,0.9578,0.7084,0.685,-5.23
1e8PAfcKUYoKkxPhrHqw4x,Someone You Loved - Future Humans Remix,"Lewis Capaldi, Future Humans",123.78,0.4389,0.6519,0.5552,-12.24
0SyxZC4wlqAwf20cHE6Xon,Bulletproof,"La Roux, GAMPER & DADONI",123,0.8737,0.798,0.7924,-8.11
2gTUJ0vJMGoYzaPwfJSqbS,Sweat - Snoop Dogg vs David Guetta Remix,"Snoop Dogg, David Guetta",130,0.9362,0.692,0.4105,-1.36
6IYvjFPDOwImnHs9yTLcuO,Don't Stop The Party,"Pitbull, TJR",126.8,0.9069,0.5351,0.5784,-6.98
62zFEHfAYl5kdHYOivj4BC,International Love (feat. Chris Brown),"Pitbull, Chris Brown",119.8,0.747,0.5753,0.6068,-13.65
5TmFTHZp7HjBXjjsFvCY6h,Destination Calabria - Radio Edit,"Alex Gaudino, Crystal Waters",128,0.9259,0.6215,0.5071,-5.02
4Y7XAxTANhu3lmnLAzhWJW,Fireball (feat. John Ryan),"Pitbull, John Ryan",123,0.6175,0.7265,0.4012,-4.82
1wAXODAAL6hY64ZdhrnjBO,Drive By,Train,122,0.9004,0.9015,0.522,-6.82
6Sy9BUbgFse0n0LPA5lwy5,Sandstorm,Darude,136,0.2586,0.6779,0.4087,-3.42
1xNcBAoUw8Hz6LqK2jt4Ff,Call on Me - Radio Mix,Eric Prydz,126.43,0.8812,0.7893,0.6022,-2.03
57KrVuOJCmqLPMY6qaL6sW,Danza Kuduro - Original Mix,Don Lore V,130,0.7612,0.4213,0.4595,-3.47
25eqvo98PrVPYkT7pT5oka,Rude Boy,AZ2A,124.16,0.766,0.6555,0.4372,-4.09
6bK9BH9Ts8Gj5JFvnQkzak,Get Busy,Sean Paul,200.7,0.5971,0.4638,0.5996,-7.38
7ySUcLPVX7KudhnmNcgY2D,S&M,Rihanna,128,0.4878,0.4438,0.4293,0
0CzJlMusD7CyBa7H9VyxC6,Show Me Love - Radio Edit,Doctor Y,128,0.5912,0.5399,0.6113,-2.19
7vHyJPO7x2OsrsNR8AkCVF,Play Hard (feat. Ne-Yo & Akon) - R3hab Remix,"David Guetta, Akon, Ne-Yo, R3HAB",130,0.6547,0.7311,0.6823,-4.31
4hTKcE0mUgPkfmv4u98Q5p,Gas Pedal - Dave Audé Radio Remix,"Sage The Gemini, Iamsu!, Dave Audé",128,0.8473,0.7378,0.7198,-11.52
4wkQmYpAaMe41Rc3sYZ7Vz,Let's Go (feat. Ne-Yo),"Calvin Harris, Ne-Yo",128,0.6757,0.4008,0.5237,-9.4
1V4jC0vJ5525lEF1bFgPX2,Shots,"LMFAO, Lil Jon",128,0.7848,0.2748,0.5076,-7.49
19igioUqQfSiig2X9HPPkw,Champagne Showers,"LMFAO, Natalia Kills",130,0.5804,0.5245,0.4908,-6.72
5tqyZmF6uEoTkD6ja7KZjv,Wop (Official Version),J. Dash,112,0.6612,0.8903,0.0796,-5.14
0TwBtDAWpkpM3srywFVOV5,Crazy In Love (feat. JAY-Z),"Beyoncé, JAY-Z",99.2,0.4114,0.7607,0.1599,0
6qUSs4FDzZUdAhY6JDIJfa,Who's That Chick? (feat. Rihanna),"David Guetta, Rihanna",128,0.871,0.5122,0.3725,-9.21
3Tu7uWBecS6GsLsL8UONKn,Don't Stop the Party (feat. TJR),"Pitbull, TJR",126.8,0.5447,0.4489,0.2714,-2.5
2iJuuzV8P9Yz0VSurttIV5,Scream & Shout,"will.i.am, Britney Spears",130,0.7061,0.8541,0.8083,-6.82
6pIbLGfw7nJ51lXbUobeYV,I Didn't Come This Far to Only Come This Far (The Journey),Fearless Motivation,119.84,0.8752,0.3143,0.8061,-8.96
5MYFw4T2gy52pOGBN4EYHS,Stay Fly,Three 6 Mafia,133.4,0.5129,0.8315,0.3364,0
0boS4e6uXwp3zAvz1mLxZS,Run Boy Run,Woodkid,124.91,0.4185,0.3937,0.4864,-3.45
2kzRSiyignH8yzPTrWvyPo,No Sleep,Wiz Khalifa,160.2,0.851,0.5835,0.2851,-5.29
2y4lAQpi5VTNLu2ldeTdUH,We Can't Stop,Miley Cyrus,160.2,0.6714,0.8549,0.4117,-6.54
5PX4uS1LqlWEPL69phPVQQ,Pursuit Of Happiness - Extended Steve Aoki Remix,"Kid Cudi, MGMT, Ratatat, Steve Aoki",128,0.7126,0.4622,0.3125,-5.18
2iUmqdfGZcHIhS3b9E9EWq,Everybody Talks,Neon Trees,154.8,0.7192,0.7647,0.4467,-4.57
6KgBpzTuTRPebChN0VTyzV,Good as Hell,Lizzo,95.93,0.7163,0.7825,0.2243,-4.85
1MFD6gdVDjFFMM8ItH9ZhI,White Walls (feat. ScHoolboy Q & Hollis),"Macklemore & Ryan Lewis, Macklemore, Ryan Lewis, Hollis, ScHoolboy Q",116.5,0.6787,0.8122,0.4842,-8.82
4esOae7i4rqTbAu9o5Pxco,Girl on Fire,Alicia Keys,92.9,0.8591,0.7347,0.5874,-5.8
1P17dC1amhFzptugyAO7Il,Look What You Made Me Do,Taylor Swift,128,0.7173,0.4591,0.4795,-4.52
1uXbwHHfgsXcUKfSZw5ZJ0,Run the World (Girls),Beyoncé,126.8,0.9327,0.5828,0.4799,-3.84
2yLa0QULdQr0qAIvVwN6B5,...Ready For It?,Taylor Swift,160.25,0.5985,0.9032,0.5043,-5.2
1X1DWw2pcNZ8zSub3uhlNz,Hall of Fame (feat. will.i.am),"The Script, will.i.am",170.1,0.9109,0.7337,0.0573,-7.66
3kMrazSvILsgcwtidZd1Qd,Bulletproof,La Roux,123,0.4444,0.6459,0.4084,-10.94
4H1ZiD0aytFHoOiosVmT1w,DONTTRUSTME,3OH!3,130,0.4495,0.4529,0.3041,-8.8
77ZdAoTHYoF6Umo76HFD4m,The Fighter,"Gym Class Heroes, Ryan Tedder",98.9,0.886,0.4846,0.5043,-4.59
4P6BuLsqtg5uISdE77ypI9,Ayy Ladies (feat. Tyga),"Travis Porter, Tyga",95.9,0.8912,0.7581,0.5195,-12.06
2ZEq4HT450Ye9IFGPTl9qV,Lonely,Joel Corry,124.16,0.804,0.6481,0.3789,-6.81
5T8EDUDqKcs6OSOwEsfqG7,Don't Stop Me Now - Remastered 2011,Queen,113.27,0.7704,0.4161,0.5823,-5.97
3Fzlg5r1IjhLk2qRw667od,Dancing in the Moonlight,Toploader,119.5,0.7398,0.7302,0.4714,-8.6
7ef4DlsgrMEH11cDZd32M6,One Kiss (with Dua Lipa),"Calvin Harris, Dua Lipa",124.16,0.8759,0.3804,0.8405,-3.88
5hgnY0mVcVetszbb85qeDg,Partition,Beyoncé,92.9,0.7369,0.5826,0.8699,-6.8
5L3o8IfmlLhxGcSnXQIHcz,Hometown Glory - High Contrast Remix,"Adele, High Contrast",172.99,0.8278,0.6809,0.6273,-8.81
51ODNNDZm21HU7wI7cccRr,Latch,"Disclosure, Sam Smith",122,0.918,0.8145,0.5376,-1.75
5qiQbOa6AFEO3P111y9Jry,Mad Love - Blinkie Remix,"Mabel, Blinkie",123.05,0.7782,0.6902,0.7408,-9.09
6e8Ou0wiqAzIpWb2eSxll8,Miami,Will Smith,108.2,0.9225,0.5148,0.7006,-5.31
2igwFfvr1OAGX9SKDCPBwO,Empire State Of Mind,"JAY-Z, Alicia Keys",173,0.862,0.2117,0.7048,0
7gKIt3rDGIMJDFVSPBnGmj,Super Bass,Nicki Minaj,126.82,0.6821,0.7597,0.5819,-4.93
2Xcvt8NRLw0xbB3ClfW8MI,Temporary Fix,One Direction,146.1,0.4339,0.597,0.349,-10.57
2IDHoSlbG0CKH9rhq68wTb,Say My Name - RAC Mix,"ODESZA, Zyra, RAC",114.8,0.395,0.6601,0.5696,-10.44
26uWcFPeunNydCH7rl7nyA,Keeping Your Head Up - Jonas Blue Remix; Radio Edit [Radio Edit],"Birdy, Jonas Blue",121.96,0.8481,0.9188,0.6305,-6.08
6xsEAm6w9oMQYYg3jkEkMT,Bad Blood,"Taylor Swift, Kendrick Lamar",170.14,0.8663,0.8539,0.2334,-11.57
5pfJsMwoRYKampPay8amX0,"Downtown (feat. Melle Mel, Grandmaster Caz, Kool Moe Dee & Eric Nally)","Macklemore & Ryan Lewis, Macklemore, Ryan Lewis, Grandmaster Melle Mel, Grandmaster Caz, Kool Moe Dee, Eric Nally",109.7,0.6631,0.4201,0.7501,-13.18
0RC4QgdYTeCCa02PbXjd8r,Pumpin Blood - The Jane Doze Remix,"NONONO, The Jane Doze",128,0.701,0.7497,0.6978,-7.99
4qABfS1RaGVXdBhj2BQyhO,Runaway (U & I),Galantis,126,0.7363,0.5734,0.7363,-8.28
1gv4xPanImH17bKZ9rOveR,Raise Your Glass,P!nk,122,0.8711,0.4567,0.6049,-8.94
6I3KeXBT0E9MoMqYz8srVq,White Walls (feat. ScHoolboy Q & Hollis),"Macklemore & Ryan Lewis, Hollis, ScHoolboy Q",116.5,0.4704,0.7009,0.4652,-0.7
7dhyhMtWWJNYWmE4N5XiEA,Sunday Morning (feat. Josie Dunne),"Matoma, Josie Dunne",124.16,0.7309,0.4594,0.2896,-3.57
7FjZU7XFs7P9jHI9Z0yRhK,So Close,"NOTD, Felix Jaehn, Captain Cuts, Georgia Ku",124.91,0.4801,0.292,0.271,-0.47
7ti4qMC7xYQeh1uRzj5XuM,Pumpin Blood,NONONO,119.1,0.6872,0.7631,0.6932,-4.2
6ebkx7Q5tTxrCxKq4GYj0Y,Club Can't Handle Me (feat. David Guetta),"Flo Rida, David Guetta",128,0.7901,0.4969,0.5399,-8.41
16Of7eeW44kt0a1M0nitHM,You Make Me Feel... (feat. Sabi),"Cobra Starship, Sabi",132.1,0.8679,0.6573,0.7182,-4.11
2LEF1A8DOZ9wRYikWgVlZ8,Good Feeling,Flo Rida,128,0.6136,0.6136,0.31,-9.71
2G1tXoGBaEMJ7FKGnkf6ud,Wake Up in the Sky,"Gucci Mane, Bruno Mars, Kodak Black",143.06,0.6946,0.5522,0.5549,-1.33
3cHyrEgdyYRjgJKSOiOtcS,Timber,"Pitbull, Kesha",130,0.7122,0.5525,0.2853,-6.56
6KBYk8OFtod7brGuZ3Y67q,Misery,Maroon 5,102.8,0.8915,0.8911,0.3987,-6.11
0am001WwFBVGDGLwRh3ixi,Rather Be (feat. Jess Glynne),"Clean Bandit, Jess Glynne",120.9,0.8358,0.5382,0.4715,-9.08
5UncbfPKpWlxsWWyhmM87l,Physical,Dua Lipa,147.13,0.6605,0.5776,0.3527,-4.76
2CZi8d774dBB0wiuWMIpr8,Miss Independent,Kelly Clarkson,175.9,0.8744,0.4472,0.2613,-3.96
5uHYcK0nbEYgRaFTY5BqnP,Magic (feat. Rivers Cuomo),"B.o.B, Rivers Cuomo",164.7,0.4342,0.7318,0.434,-1.23
5Qy6a5KzM4XlRxsNcGYhgH,6 Foot 7 Foot,"Lil Wayne, Cory Gunz",168.1,0.3866,0.7653,0.5488,-1.57
45CYItXhLXx3hdKDeWZBXy,Collard Greens,"ScHoolboy Q, Kendrick Lamar",153.7,0.8052,0.6761,0.5661,-4.77
2siqSsVoviIIkwb9D4A9wj,Remember Why You Started,"Fearless Motivation, Alpha, Brendan Woodroff, Jones 2.0",170.14,0.8877,0.4953,0.3099,-4.69
2fWSwWmKRuyioqIzOzuQGo,Beast - Southpaw Remix,"Rob Bailey & The Hustle Standard, Busta Rhymes, KXNG Crooked, Tech N9ne",144.05,0.7884,0.6384,0.5655,-9.53
3K4HG9evC7dg3N0R9cYqk4,One Step Closer,Linkin Park,95,0.405,0.8507,0.1858,-5.04
5rLh5iwwnRln13NHR3e2RE,Good Days,Rob Bailey & The Hustle Standard,144.05,0.7843,0.8104,0.6202,-2.46
2UREu1Y8CO4jXkbvqAtP7g,Monster,Skillet,135.1,0.7264,0.5495,0.5496,-2.27
0we7ShV1o6cPTFjxOADPbC,Outcast,NF,130.01,0.5662,0.5674,0.5258,-7.44
2T3w7ohdeZNs7noXuIlHrr,Born For Greatness,Papa Roach,133.8,0.648,0.62,0.4621,-7.75
2d8JP84HNLKhmd6IYOoupQ,Trap Queen,Fetty Wap,148.19,0.7341,0.5595,0.7331,-2.01
1iuljeYz6ZG3GTJOZZkoer,RGF Island,Fetty Wap,137.8,0.8294,0.2846,0.7453,-4.73
0XOMoQbYxYPVLxwK4VDmNA,All Of A Sudden,"Lil Baby, Moneybagg Yo",140.15,0.4844,0.6672,0.5777,-9.17
7r6LNJT2LqpLpEyZQJPygt,Patek Water (feat. Offset),"Future, Young Thug, Offset",153.12,0.6338,0.6628,0.4048,0
7foypmc7KZyU716Yv63BPe,Saint,"Huncho Jack, Travis Scott, Quavo",149.8,0.74,0.535,0.9485,-10.22
40mjsnRjCpycdUw3xhS20g,GATTI,"JACKBOYS, Pop Smoke, Travis Scott",143.06,0.6188,0.7021,0.6522,-7.09
5BbdKBZO0TH0GhfxUfyhL9,Freestyle,Lil Baby,119.84,0.385,0.4996,0.4353,-8.68
6BbINUfGabVyiNFJpQXn3x,Wicked,Future,157.8,0.617,0.4918,0.1846,-4.43
5W9QCBJ6Em0XWX333YrNhc,Rent Money,Future,166.71,0.8518,0.7247,0.0581,-9.53
0nWMTq3fBceV1uZlhFn6of,Oxy (feat. Lil Wayne),"Future, Lil Wayne",149.8,0.6575,0.2605,0.3596,-3.07
06Gyf2pFDVmN5K8XAawG96,No Cap,"Future, Young Thug",147.13,0.5364,0.6612,0.488,-8.56
4luW7lSpyXXgojjsXdzqBq,Lord Give Me a Sign,DMX,97.1,0.9123,0.4922,0.4443,-0.87
1jJci4qxiYcOHhQR247rEU,Kids,MGMT,123.05,0.3858,0.7013,0.7511,0
4dyx5SzxPPaD8xQIid5Wjj,Young Folks,Peter Bjorn and John,138.3,0.8859,0.5743,0.2679,-3.99
0iTpQYzJnYgh7kIxyq8A2O,Two Weeks,Grizzly Bear,159.6,0.3587,0.7394,0.6172,-6.64
7GtGeeChOx4NS77bqK8SUx,Ready to Run,One Direction,114.8,0.5137,0.5411,0.8004,-4.29
6ibWCCEne6WEqDBAv7BeXv,Clouds,One Direction,148.2,0.8301,0.5834,0.62,-3.05
0LtOwyZoSNZKJWHqjzADpW,Feels Like We Only Go Backwards,Tame Impala,149.8,0.9262,0.6305,0.3846,-9.17
2tznHmp70DxMyr2XhWLOW0,Cigarette Daydreams,Cage The Elephant,113.9,0.7999,0.664,0.3597,-6.43
0UV5zxRMz6AO4ZwUOZNIKI,Where'd All the Time Go?,Dr. Dog,166.04,0.868,0.3267,0.2485,-3.32
4sebUbjqbcgDSwG6PbSGI0,Come a Little Closer,Cage The Elephant,148.2,0.8397,0.7338,0.3661,-6.51
5M4yti0QxgqJieUYaEXcpw,Eventually,Tame Impala,156.01,0.8257,0.3905,0.5179,-5.4
1uzWOoJdADfstQuFtQFTUn,Breakfast At Tiffany's,Deep Blue Something,110.2,0.5529,0.8274,0.4074,-8.16
3GZD6HmiNUhxXYf8Gch723,Lost,Frank Ocean,123,0.7507,0.7998,0.5802,-6.84
3G6hD9B2ZHOsgf4WfNu7X1,Team,Lorde,99.9,0.821,0.4845,0.4383,-4.99
3vv9phIu6Y1vX3jcqaGz5Z,Roses,"The Chainsmokers, ROZES",99.9,0.4398,0.8142,0.4631,-5.74
6lV2MSQmRIkycDScNtrBXO,Airplanes (feat. Hayley Williams of Paramore),"B.o.B, Hayley Williams",186.2,0.6563,0.6388,0.5123,-6.23
6OtCIsQZ64Vs1EbzztvAv4,Good Life,OneRepublic,95,0.8303,0.7027,0.2171,-7.01
1oxOiOjsi7plNOZEhoPLPj,Good Grief,Bastille,119.84,0.7262,0.5726,0.547,-4.42
0CokSRCu5hZgPxcZBaEzVE,Glorious (feat. Skylar Grey),"Macklemore, Skylar Grey",140.15,0.7808,0.784,0.3834,-5.57
2ixsaeFioXJmMgkkbd4uj1,Budapest,George Ezra,128,0.7227,0.7664,0.4461,-8.77
1fidCEsYlaVE3pHwKCvpFZ,Am I Wrong,Nico & Vinz,119.84,0.356,0.6376,0.6238,-10.8
76GlO5H5RT6g7y0gev86Nk,Just like Heaven,The Cure,150.34,0.5563,0.4252,0.5304,-2.85
2ToW7zhGCrVrLU4fiKj9U1,Cleopatra,The Lumineers,151.44,0.9325,0.6151,0.503,-6.87
6KuHjfXHkfnIjdmcIvt9r0,On Top Of The World,Imagine Dragons,99.9,0.5114,0.559,0.5088,-3.89
5L79aNYCTKiZq7vaOElXYj,"Gone, Gone, Gone",Phillip Phillips,118.1,0.6354,0.612,0.6008,-6.82
6Qyc6fS4DsZjB2mRW9DsQs,Iris,The Goo Goo Dolls,154.3,0.6682,0.7926,0.8122,-10.05
6W2VbtvMrDXm5vYeB7amkO,Footloose,Kenny Loggins,174.45,0.2102,0.4018,0.5083,-9.05
2hnMS47jN0etwvFPzYk11f,Santeria,Sublime,181.33,0.8757,0.4463,0.7205,-6.44
4gbVRS8gloEluzf0GzDOFc,Maps,Maroon 5,119.8,0.3969,0.2763,0.5038,-4.34
4osgfFTICMkcGbbigdsa53,Novacane,Frank Ocean,93.5,0.4479,0.3827,0.4578,-6.71
1tTxt6RtTqvuSEe4gFhWO2,Charlie Boy,The Lumineers,128,0.8208,0.748,0.4343,-7.44
3Hvg5tRKsQlX25wYwgMF9p,Flowers in Your Hair,The Lumineers,127.6,0.9534,0.5729,0.3258,-8.19
6hTcuIQa0sxrrByu9wTD7s,Born to Run,Bruce Springsteen,148.7,0.5595,0.4004,0.3154,-3.19
2DnJjbjNTV9Nd5NOa1KGba,You're So Vain,Carly Simon,106.01,0.6473,0.7224,0.5368,-2.46
1Cwsd5xI8CajJz795oy4XF,You Get What You Give,New Radicals,113.9,0.9531,0.7386,0.4106,-4.45
1BwhFXqoIsePt21WyWIttb,I Wanna Get Better,Bleachers,189.7,0.5274,0.4329,0.532,-9.65
4KANJH1baadr3U7XsVbM17,Something I Need,OneRepublic,98.91,0.7565,0.698,0.6122,-5.09
2U8g9wVcUu9wsg6i7sFSv8,Every Teardrop Is a Waterfall,Coldplay,118.1,0.7946,0.5697,0.3433,-3.93
1YLJVmuzeM2YSUkCCaTNUB,Dog Days Are Over,Florence + The Machine,149.8,0.505,0.3775,0.2351,-5.53
3vMffV667VhtUgH7Bxdyxj,New Morning,Alpha Rev,178.21,0.84,0.4674,0.5105,-5.64
17S4XrLvF5jlGvGCJHgF51,Learning To Fly,Tom Petty and the Heartbreakers,116.8,0.9706,0.4429,0.2396,-2.82
6UnCGAEmrbGIOSmGRZQ1M2,Light On,Maggie Rogers,102.08,0.4497,0.5483,0.6504,-3.68
21Go4aMyLGP40ANI3TU0Fn,Geronimo,Sheppard,142.1,0.8617,0.621,0.1745,-6.67
5hYTyyh2odQKphUbMqc5gN,"How Far I'll Go - From ""Moana""",Alessia Cara,181.33,0.5741,0.6891,0.4419,-3.34
2uljPrNySotVP1d42B30X2,Wake Up,Arcade Fire,138.74,0.7243,0.6969,0.6903,-8.32
748yv6bb3l3CcKS45a6SZ8,Head Over Heels,Tears For Fears,95.04,0.6139,0.5197,0.5399,-1.4
7fcgisGFCr4mfbfNSztr84,Viva La Vida,Coldplay,137.8,0.8097,0.5006,0.4656,-6.85
7rIAowWipJIt8QVVnNdtLg,Saturday Sun - Ryan Riback Remix,"Vance Joy, Ryan Riback",99.86,0.4399,0.2362,0.4518,-9.02
0RiRZpuVRbi7oqRdSMwhQY,Sunflower - Spider-Man: Into the Spider-Verse,"Post Malone, Swae Lee",95.04,0.7473,0.494,0.6938,-2.32
3qiyyUfYe7CRYLucrPmulD,Baba O'Riley,The Who,115.2,0.5354,0.861,0.5149,-2.28
6NFyWDv5CjfwuzoCkw47Xf,Delicate,Taylor Swift,95.04,0.6722,0.9261,0.7583,-3.74
3iAD903jI8tHlM6Cn1zMax,Hold My Hand,Jess Glynne,123,0.7379,0.5273,0.6167,-9.85
4NBTZtAt1F13VvlSKe6KTl,This Feeling,"The Chainsmokers, Kelsea Ballerini",104.93,0.7856,0.4863,0.7888,-7.6
6y4OjcEz7LMrdVGODrcAIv,Forever Young,Rod Stewart,102.1,0.6874,0.7883,0.3028,-2.9
60wwxj6Dd9NJlirf84wr2c,Clarity,"Zedd, Foxes",128,0.6655,0.9047,0.417,-11.43
3AJwUDP919kvQ9QcozQPxg,Yellow,Coldplay,86.7,0.5459,0.5824,0.5569,-5.85
7LVHVU3tWfcxj5aiPFEW4Q,Fix You,Coldplay,140.2,0.7955,0.7858,0.3159,-9.75
12B0Twa9kRz45Xw2PgXHJm,Afire Love,Ed Sheeran,98,0.7752,0.5809,0.7234,-3.96
2tnUFMh3wQk6LHhECsDDlV,Electric Love,BØRNS,119.8,0.2721,0.5758,0.2951,-9.99
5qk1xXcERl8RW645ztqDAW,Rebellion (Lies),Arcade Fire,130.01,0.8014,0.6974,0.6452,-4.43
1yzbqrSF0vuaO7nuKYSd6f,Coming of Age,Foster The People,130,0.538,0.3435,0.3995,-8.41
7hEbLvHSHpmMZXuuw2nmmH,Uncharted,Sara Bareilles,102.1,0.5403,0.3342,0.7996,-7.28
7rGMKCgeYXpBecQ1FPb3oc,Without You (feat. Usher),"David Guetta, USHER",128,0.465,0.8187,0.2208,-6.67
1BxfuPKGuaTgP7aM0Bbdwr,Cruel Summer,Taylor Swift,170.14,0.3902,0.4748,0.5541,-5.4
21jGcNKet2qwijlDFuPiPb,Circles,Post Malone,119.84,0.6035,0.7292,0.1701,-3.13
4HlFJV71xXKIGcU3kRyttv,"Hey, Soul Sister",Train,97.05,0.9574,0.9209,0.4758,-11.11
5jrdCoLpJSvHHorevXBATy,Dark Horse,"Katy Perry, Juicy J",132.09,0.8797,0.4228,0.2581,-10.51
4pSPMXaCjbaV3VSzZQYC7H,Who Knew - Edit,P!nk,140.2,0.6619,0.8421,0.8766,-1.22
1OXfWI3FQMdsKKC6lkvzSx,Glad You Came,The Wanted,126.8,0.5919,0.8279,0.4515,-4.79
1mea3bSkSGXuIRvnydlB5b,Viva La Vida,Coldplay,137.8,0.6175,0.5675,0.9012,-2.28
4E6cwWJWZw2zWf7VFbH7wf,Love Song,Sara Bareilles,123,0.6727,0.6116,0.5016,-6.64
4ROTEqZbUtCkXdSJXh3ctr,I Kissed A Girl,Katy Perry,130,0.8066,0.8309,0.4633,-6.08
06KyNuuMOX1ROXRhj787tj,We Don't Talk Anymore (feat. Selena Gomez),"Charlie Puth, Selena Gomez",99.9,0.638,0.4472,0.4519,-9.36
0qOnSQQF0yzuPWsXrQ9paz,Stereo Hearts (feat. Adam Levine),"Gym Class Heroes, Adam Levine",89.9,0.7131,0.4366,0.3118,-5.8
4kNvYhyl8R6m1vykVkcuBu,All Me,"Drake, 2 Chainz, Big Sean",122,0.7627,0.7358,0.739,-7.02
7EZPH9Px3gXlxD5KJDwtwc,Bandz A Make Her Dance (feat. Lil' Wayne & 2 Chainz),"Juicy J, Lil Wayne, 2 Chainz",130.8,0.7703,0.7141,0.6128,-5.18
6Nw1WHydftZy2joT2nTiCR,Nobody's Perfect,"J. Cole, Missy Elliott",119.84,0.9422,0.9282,0.2768,-9.05
4Pwjz3DfvfQWV0rO2V8jyh,"Bitch, Don’t Kill My Vibe",Kendrick Lamar,133.8,0.7089,0.3492,0.5185,-6.82
6mapJIPnQ23RTAevUoE0DL,Swang,Rae Sremmurd,140.15,0.6633,0.3473,0.8411,-4.69
7DTlsMOQjGysXHpwwpHuPl,Lifestyle,"Rich Gang, Young Thug, Rich Homie Quan",178.2,0.6812,0.8175,0.6985,-2.7
0osPX8TruIebOhKuG6GK8C,On My Level (feat. Too $hort),"Wiz Khalifa, Too $hort",143.1,0.7637,0.6884,0.527,-5.6
3F9oxHGHxFCWpVk9T2AxOS,Throw Sum Mo,"Rae Sremmurd, Nicki Minaj, Young Thug",142.1,0.6835,0.2473,0.4052,-3.37
62r62ArmWq38cu6QCVgyTc,Jesus Walks,Kanye West,87.41,0.8685,0.8185,0.6681,-8.55
7EKTo6rVJ3XSS7QTd6ep2j,Look At Me Now,"Chris Brown, Lil Wayne, Busta Rhymes",146.09,0.6449,0.3864,0.4008,-9.54
40riOy7x9W7GXjyGp4pjAv,Hotel California - 2013 Remaster,Eagles,147.1,0.7114,0.543,0.1816,-6.07
2aoo2jlRnM3A0NyLQqMN2f,All Along the Watchtower,Jimi Hendrix,113.6,0.675,0.6466,0.4373,-4.78
1Y373MqadDRtclJNdnUXVc,Paranoid - 2012 - Remaster,Black Sabbath,163.41,0.8145,0.7751,0.3908,-2.38
5QTxFnGygVM4jFQiBovmRo,(Don't Fear) The Reaper,Blue Öyster Cult,141.1,0.3313,0.7168,0.5573,-2.02
1UBQ5GK8JaQjm5VbkBZY66,Sharp Dressed Man - 2008 Remaster,ZZ Top,125.3,0.6782,0.5352,0.3542,-1.81
5RsUlxLto4NZbhJpqJbHfN,Jessie's Girl,Rick Springfield,131.67,0.5808,0.5213,0.6451,-4.52
2b9lp5A6CqSzwOrBfAFhof,Crazy Train,Ozzy Osbourne,137.8,0.8253,0.7614,0.5141,-2.75
4BP3uh0hFLFRb5cjsgLqDh,Fortunate Son,Creedence Clearwater Revival,133.4,0.7382,0.7308,0.6475,-6.06
31AOj9sFz2gM0O3hMARRBx,Losing My Religion,R.E.M.,125.66,0.4811,0.6625,0.4107,-9.63
1hlveB9M6ijHZRbzZ2teyh,We're Not Gonna Take It,Twisted Sister,149.3,0.6778,0.7374,0.4476,-2.03
1kdiiFGX1Htx0aVZYaDwEJ,Tears Don't Fall,Bullet For My Valentine,162.1,0.712,0.8601,0.3553,-6.21
6zKF4293k44ItKWJJgrhXv,My Curse,Killswitch Engage,173.7,0.5938,0.5705,0.3772,-8.78
4f3RDq9nYPBeR1yMSgnmBm,You've Got Another Thing Coming,Judas Priest,138.27,0.9428,0.7574,0.6066,-6.35
2ZBalNGwjqdKJd29O76wBV,Heat Of The Moment,Asia,137.35,0.8447,0.4184,0.8267,-3.56
7e89621JPkKaeDSTQ3avtg,Sweet Home Alabama,Lynyrd Skynyrd,195.9,0.7508,0.2277,0.5665,-2.8
4KfSdst7rW39C0sfhArdrz,Barracuda,Heart,136.4,0.5476,0.5559,0.5193,-9.61
2HHtWyy5CgaQbC7XSoOb0e,Eye of the Tiger,Survivor,108.8,0.7944,0.3339,0.4466,-8.98
7b4yGtR0rujvLi5EBfKKJ2,Take Me Home Tonight,Eddie Money,132.5,0.7291,0.2339,0.4269,-7.26
6YbhspuOar1D9WSSnfe7ds,"Young, Wild & Free (feat. Bruno Mars)","Snoop Dogg, Wiz Khalifa, Bruno Mars",95,0.6731,0.8077,0.8931,-2.34
4TmuAkefEeITFojVG2n9ut,Flashing Lights,Kanye West,90.47,0.42,0.8574,0.7193,-5.39
2q95XoeFGixx8b5LNF6Ey1,Greenlight (feat. Flo Rida & LunchMoney Lewis),"Pitbull, Flo Rida, LunchMoney Lewis",114.84,0.8325,0.599,0.3943,-6.44
0LJDFZohBgWOMvXQw0cc9W,Cigarettes On Patios,BabyJake,140.15,0.9186,0.685,0.4165,-3.64
0QIjsbm2fh1cJ45XO9eGqq,Wake Up in the Sky,"Gucci Mane, Bruno Mars, Kodak Black",143.06,0.8947,0.9005,0.7342,-5.33
0FZmAvivvifvtN3pZScbw1,Drunk in Love Remix (feat. JAY-Z & Kanye West),"Beyoncé, JAY-Z, Kanye West",140.2,0.4776,0.3886,0.5078,-8.34
1hGy2eLcmC8eKx7qr1tOqx,Beautiful Girls,Sean Kingston,130,0.9143,0.6805,0.7747,-1.52
4jbmgIyjGoXjY01XxatOx6,Dark Horse,"Katy Perry, Juicy J",132.09,0.5742,0.4743,0.5134,-5.89
2gam98EZKrF9XuOkU13ApN,Promiscuous,"Nelly Furtado, Timbaland",114.2,0.6555,0.4694,0.445,-13.14
2bSk87AVkCIIC3Bcligq1z,Life Goes On,"Lil Baby, Gunna, Lil Uzi Vert",140.15,0.7737,0.7899,0.3585,-4.61
3avYqdwHKEq8beXbeWCKqJ,Last Friday Night (T.G.I.F.),Katy Perry,126,0.7737,0.6266,0.1363,-5.33
0CAfXk7DXMnon4gLudAp7J,Low (feat. T-Pain),"Flo Rida, T-Pain",128,0.5727,0.658,0.5124,-3.9
1q8NdCAQ9QUjpYiqzdd3mv,Atrévete-Te-Te,Calle 13,175.9,0.8679,0.3203,0.5653,-5.16
4Egb5xP6cniUx0kgZd5zLB,Soy Yo,Bomba Estéreo,117.1,0.8296,0.6689,0.5248,-6.81
2awKQgW88iq9jFM54VaCAp,El Sol No Regresa,La Quinta Estacion,128,0.8619,0.8348,0.2321,-5.47
7jxHeJLVpnP7S08JFF4GBi,"Ciega, Sordomuda",Shakira,119.8,0.5654,0.6026,0.2537,-5.76
4zsDA31stWMtLveU61hejd,Algo Contigo,Vicentico,141.1,0.8146,0.1822,0.1224,-6.6
7gqIqyeCaV2xNtfZWxEphD,Cuídate,La Oreja de Van Gogh,141.1,0.5869,0.6858,0.5792,-0.09
100Tm6z29RfHTdUQ6NIs0s,Me Voy,Julieta Venegas,107.9,0.8019,0.668,0.1694,-3.9
2DNyZP4Py6f4zMASLBnIu6,La Playa,La Oreja de Van Gogh,88.5,0.521,0.4955,0.265,-3.1
2uzCfFYh6tSNFdz14ZIf3N,La Negra Tiene Tumbao,Celia Cruz,110.5,0.9811,0.7253,0.3816,-6.02
00i0O74dXdaKKdCrqHnfXm,La Mordidita (feat. Yotuel),"Ricky Martin, Yotuel",142.1,0.766,0.4552,0.7747,-6.12
65DBZofI0b79kfHTcWWDuU,Trátame Suavemente - Remasterizado 2007,Soda Stereo,103.9,0.4177,0.6774,0.5928,-8.94
5EhzE6HJaCcLFrf5rPqvpk,Mientes,Camila,170.1,0.8957,0.2876,0.4941,-9.5
3TY1PFZXmYeiLcXygB74My,"Suerte (Whenever, Wherever)",Shakira,107.7,0.8119,0.302,0.8314,0
4NUt1fcnO9aQAELBgXq3Kr,Me Dediqué a Perderte,Alejandro Fernández,148.2,0.7618,0.8068,0.1167,-6.74
3lGMtkONrZdJ8kTCg6KIFf,Hasta la Raíz,Natalia Lafourcade,153.12,0.7314,0.3593,0.5122,-5.67
7lOzUJzsELALh5FQsPKTEn,Humanos a Marte,Chayanne,186.2,0.5899,0.8687,0.5875,-7.44
1UDToCUvhfhYrTFxA1Xi4w,Jueves,La Oreja de Van Gogh,103.9,0.6921,0.8392,0.405,-10.08
6G9painkkIlE8HauZrG4Vw,Vasos Vacíos,Los Fabulosos Cadillacs,134.7,0.7475,0.5059,0.3186,-6.47
2yvjjJrWzVzA2zg4VsoEmo,La Carretera,Prince Royce,121.96,0.4259,0.6603,0.4216,-0.3
5GorCbAP4aL0EJ16frG2hd,Boulevard of Broken Dreams,Green Day,166.71,0.8658,0.7589,0.3256,-10.23
1oTo3ijRbaDAtrjJrGAPSw,I Miss You,blink-182,109.96,0.767,0.673,0.5214,-6.33
3Zwu2K0Qa5sT6teCCHPShP,Thnks fr th Mmrs,Fall Out Boy,154.85,0.8264,0.5425,0.3944,-5.92
7atIHMnLUJ5ikdnosz1GwU,Barbie Girl,Aqua,130,0.7346,0.361,0.4847,-3.52
5FgtdSf7I5lClThz2ptWvl,Blue (Da Ba Dee),Eiffel 65,128,0.6422,0.8065,0.2089,-2.57
1CgbwsrNDlFrRuk2ebQ7zr,9Pm (Till I Come),ATB,130.42,0.7478,0.8239,0.4626,-5.39
1AyMm0UfxY4eKHdRvZxdHB,Castles In The Sky (featuring Marsha),"Ian van Dahl, Marsha",140.15,0.5244,0.9667,0.17,-4.8
7g8cjrj0sXScNE727685JE,"Kernkraft 400 - DJ Gius Mix, Radio Edit",Zombie Nation,140.2,0.6559,0.7607,0.9322,-8.03
4wGIOAlCllMokaM4kCMeuY,Heut' ist mein Tag,Blümchen,162.8,0.7472,0.8049,0.621,-2.18
6HtSVNrZrmnZkCJ9fLf4f3,Come With Me - Single Edit,Special D.,142.1,0.8939,0.4728,0.5467,-10.32
5YnKmPZytgkywuHktntXDV,Everytime We Touch,Cascada,142.1,0.5629,0.53,0.8054,-7.28
5wmVHVCMNO6TfCBcXU0cCk,Come to Me,France Joli,132.1,0.8037,0.4232,0.7192,-3.12
26qO4FFiU8crnSfk2AFia4,Copacabana (At the Copa) - Long Version,Barry Manilow,116.5,0.7454,0.5694,0.4048,0
7Fzl3LNIJ3HcKgUC2olHhQ,KEEP ON DANCIN' - Extended,Gary's Gang,126.4,0.8474,0.349,0.3213,-4.58
2pbWkjtGtjkzBdZ95GFINm,Car Wash - Long Version,Rose Royce,240.4,0.8453,0.7808,0.4882,-6.03
0QsY5Bk7VMOkWQwxGWPfWT,Disco Nights (Rock Freak) - Single Remix,G.Q.,123,0.3474,0.3537,0.7439,-8.38
4z7maGZkAonDlXlwo8q69f,Da Ya Think I'm Sexy?,Rod Stewart,111.4,0.669,0.4073,0.8861,-9.45
5D7AaRW9JpqquqOnEG0uOS,I Haven't Stopped Dancing Yet - Single Version [Bonus Track],Gonzalez,132.9,0.8485,0.5465,0.5116,-7.06
21IypW8aMJ2iUhzrXe3hKO,Get Off - Remastered,Foxy,129.2,0.7501,0.2749,0.659,-8.14
0A4RFPWJ78kbKL5NDF3UC2,Native New Yorker,Odyssey,109.09,0.7409,0.9362,0.4236,-1.8
22AmtDNVTwfDRsSy8gWLPt,Mandolay,Gary's Gang,135.1,0.5013,0.5284,0.605,-4.65
5WI7WETcabzR2k2euhcpo7,Born to Be Alive - Extended Version,Patrick Hernandez,131.2,0.8614,0.7633,0.4179,-2.24
74vza4ulkxfCmeaQmTJQIC,Dance With Me,Peter Brown,108.5,0.7358,0.6141,0.4876,-4.45
4NaUUW572tb1mtelEkooKR,Knock Me Out - Original Version,Gary's Gang,121.6,0.8295,0.2802,0.7515,-6.47
0pvA063uNyGQFp7DNtmk0P,Sweet Soul Music,Arthur Conley,160.2,0.5101,0.6481,0.7484,-5.12
3zBhihYUHBmGd2bcQIobrF,(Sittin' On) the Dock of the Bay,Otis Redding,103.62,0.8599,0.609,0.2104,-6.85
7fZ4qn0kfYQ584HjBc0ihG,"Hold On, I'm Comin'",Sam & Dave,106.8,0.8456,0.4891,0.4609,-8.66
5Tx7BNDEcwtCuN4LPM26Nq,Le Freak,CHIC,118.5,0.7982,0.4497,0.2956,-4.56
0dSIrRkA4PadGll16TgbnV,PICK IT UP (feat. A$AP Rocky),"Famous Dex, A$AP Rocky",136,0.5972,0.8184,0.4493,-12.91
3wGXyJGsCf1myH5MooQIqE,The Race,Tay-K,160.25,0.7793,0.636,0.2797,-3.01
7oJrVhiTPZGBXWPwhxjy9S,Lust,Lil Skies,160.25,0.7279,0.7626,0.2734,-10.21
1ZAyjvIk9YiD76yYy0TEG6,Plug Walk,Rich The Kid,95.04,0.897,0.7673,0.8616,-5.74
6gBFPUFcJLzWGx4lenP6h2,goosebumps,Travis Scott,130.01,0.5512,0.6711,0.2009,-10.57
2rqUblDWJKlMVwh9uJc0Vv,Yamborghini High (feat. Juicy J),"A$AP Mob, Juicy J",137.8,0.7516,0.324,0.6961,-3.36
59ywHNwwchG4nZJMLyxSzd,Clout (feat. Cardi B),"Offset, Cardi B",140.15,0.865,0.5238,0.7248,-1.72
2cYqizR4lgvp4Qu6IQ3qGN,BUTTERFLY EFFECT,Travis Scott,141.1,0.8397,0.6806,0.8424,-7.91
1B4gJRq61xTs6r1O0Uq2iY,Casper,Takeoff,140.15,0.5826,0.7401,0.5387,-4.15
0xCdQ9jYFDENkE2ck73CAc,Save Yourself - NGHTMRE VIP REMIX,"The Chainsmokers, NGHTMRE",146.09,0.2814,0.8244,0.5262,-7.2
2HaDgYUwvxt4bqVuwaY8uY,Put Cha Back In It,DJ Sliink,133.8,0.9455,0.5741,0.1446,-4.25
3LcH7UHXAstKd0qUDdlRQa,Trophy,Charli xcx,126.8,0.7886,0.7625,0.7363,-12.5
34DnOVjHCoo6n3Jc3LxGVp,M.I.L.F. $ - Slushii Remix,"Fergie, Slushii",154.85,0.7952,0.7387,0.404,-11.84
7gLTmWuCVj75DFAzgXa2Mg,Wash & Set,Leikeli47,126.05,0.6326,0.8389,0.5614,-4.87
0XqMRvTvRg9Saor8EgvxMu,M.I.L.F. $ - Nick Talos Remix,"Fergie, Nick Talos",97.97,0.7331,0.4286,0.6459,-2.87
6S7O7WZYUi9I6FeG9C8Crm,Come & Get It - Jump Smokers Extended Remix,Selena Gomez,160.2,0.6731,0.427,0.2468,-6.78
6UZS3KgNc0NF13bbtQTzD6,The Jump Off,Lil' Kim,104.9,0.8207,0.6497,0.8287,-9.65
7cK7hDrE7vAesPf8xd5zmb,Stupid Deep,Jon Bellion,144.05,0.5936,0.686,0.4444,-6.79
2iqIPpMrW9DCcs6XmxNFsY,Bad At Love - Dillon Francis Remix,"Halsey, Dillon Francis",109.96,0.4594,0.6776,0.8443,-2.29
60jlpLJCCsDrKRff4eUDA2,Booty - Vice Remix,"Jennifer Lopez, Iggy Azalea",164.1,0.7853,0.3429,0.9539,-6.18
0FhBANnxcQBgD3tQ75WFAn,Fitness,Lizzo,119.84,0.8197,0.8059,0.6417,-9.51
1eek2OofjTTDfmnX8dzspb,Marry The Night - R3hab Remix,"Lady Gaga, R3HAB",128,0.6419,0.4008,0.4149,-5.18
4WbO3H3wFGUdrngpMMs4sF,Water Me,Lizzo,112.96,0.7952,0.7769,0.3968,-4.69
023H4I7HJnxRqsc9cqeFKV,I Got U,"Duke Dumont, Jax Jones",120.89,0.6412,0.4688,0.4497,-4.85
4t9a07PAghtQMRAIP9FQ7Z,Soltera (Remix),"Lunay, Daddy Yankee, Bad Bunny",183.75,0.9381,0.6202,0.5294,-6.76
5w9c2J52mkdntKOmRLeM2m,Con Calma,"Daddy Yankee, Snow",187.93,0.8678,0.966,0.4239,-1.06
6osaMSJh9NguagEDQcZaKx,Loco Contigo (feat. J. Balvin & Tyga),"DJ Snake, J Balvin, Tyga",95.93,0.4992,0.9454,0.7862,-4.65
6RyaV7owmVU6fzEPE17sF1,Que Tire Pa Lante,Daddy Yankee,187.93,0.948,0.7649,0.4167,-8.81
0KkIkfsLEJbrcIhYsCL7L5,China,"Anuel AA, Daddy Yankee, KAROL G, Ozuna, J Balvin",104.93,0.4199,0.51,0.1765,-6.15
6habFhsOp2NvshLv26DqMb,Despacito,"Luis Fonsi, Daddy Yankee",178.21,0.5721,0.2273,0.7007,-4.74
4VgYtXCVJ7IbWAZ5ryfvEQ,Muévelo,"Nicky Jam, Daddy Yankee",187.93,0.961,0.9586,0.7053,-5.43
7k4t7uLgtOxPwTpFmtJNTY,Tusa,"KAROL G, Nicki Minaj",101.08,0.5116,0.3403,0.6952,-8.36
4Clmg1g8n2yBYG13Z1oSdG,Baila Conmigo (feat. Kelly Ruiz),"Dayvi, Victor Cardenas, Kelly Ruíz",128,0.7225,0.6188,0.3897,-9.49
7iwhbx1YQcQ675DTj6AmAb,Mamacita (feat. Farruko),"Jason Derulo, Farruko",192.3,0.8055,0.5557,0.639,-1.7
1Ol5LmdNDNpFu1oNwfgkux,Tutu,"Camilo, Pedro Capó",146.09,0.7399,0.3234,0.4659,-3.09
7BlBVFwvbWvcwNcUarQmjk,"Yo x Ti, Tu x Mi","ROSALÍA, Ozuna",183.75,0.8788,0.5094,0.7404,-4.08
0SqqAgdovOE24BzxIClpjw,Yo Perreo Sola,Bad Bunny,97.05,0.5305,0.4635,0.6232,-8.28
5e45GhSF18JYoLpaq2F48h,Azukita,"Steve Aoki, Daddy Yankee, Play-N-Skillz, Elvis Crespo",130.01,0.6593,0.6882,0.6552,-0.75
6U2NuJILEOEpW2tVCuqKHb,Dura - Remix,"Daddy Yankee, NATTI NATASHA, Becky G, Bad Bunny",189.65,0.58,0.3653,0.1106,-4.83
6k2900NjJeVqZM55G3Danu,Bum Bum Tam Tam,"MC Fioti, Future, J Balvin, Stefflon Don, Juan Magán",132.09,0.736,0.7719,0.7214,-7.1
0adzXZQlwEIwyyKrNvphZk,Limbo,Daddy Yankee,124.9,0.4016,0.7717,0.4208,-9.16
3X7PdDlYOf6kEom5h9Fm9Z,More Than Friends,"INNA, Daddy Yankee",128,0.8804,0.5395,0.3677,-9.81
0IkKz2J93C94Ei4BvDop7P,Party Rock Anthem,"LMFAO, Lauren Bennett, GoonRock",130,0.9268,0.6983,0.7164,-5.37
6qn9YLKt13AGvpq9jfO8py,We Found Love,"Rihanna, Calvin Harris",128,0.9157,0.8259,0.5021,-4.26
2s5YN9O8Qv25BjQobPHWVZ,Like A G6,"Far East Movement, The Cataracs, DEV",124.9,0.9932,0.7891,0.3696,-12.32
0mtPNQl5vePVwiI9Vykp7L,We Run The Night,"Havana Brown, Pitbull",126.8,0.4521,0.717,0.4752,-2.7
5rb9QrpfcKFHM1EUbSIurX,Yeah! (feat. Lil Jon & Ludacris),"USHER, Lil Jon, Ludacris",104.9,0.793,0.7828,0.2747,-6.31
2XERAvP5rto44nAuJE2Rni,Let's Go (feat. Ne-Yo) - Radio Edit,"Calvin Harris, Ne-Yo",128,0.2927,0.7316,0.4276,-11.23
3E5XrOtqMAs7p2wKhwgOjf,Just Dance,"Lady Gaga, Colby O'Donis",119.15,0.7763,0.837,0.8014,-9.29
2u02eLj96Atd6TBxkH9YvN,S&M,Rihanna,128,0.4545,0.6386,0.6003,-8.85
2V65y3PX4DkRhy1djlxd9p,Don't You Worry Child - Radio Edit,"Swedish House Mafia, John Martin",128.8,0.5343,0.4444,0.6308,-4.08
0QvvVhTatOAgPH7q7r89fE,You Make Me Feel... (feat. Sabi),"Cobra Starship, Sabi",132.1,0.8173,0.5907,0.475,-6.78
36cmM3MBMWWCFIiQ90U4J8,Bounce (feat. Kelis) - Radio Edit,"Calvin Harris, Kelis",128,0.6383,0.498,0.2874,-7.85
7cUhxtLxcNZXV6Qdpi8PTO,Promiscuous,"Nelly Furtado, Timbaland",114.2,0.9563,0.8243,0.4681,-10.78
3AGOgQzp0YcPH41u9p7dOp,Glad You Came,The Wanted,126.8,0.3505,0.7087,0.6557,-7.83
0Hf4aIJpsN4Os2f0y0VqWl,Feel This Moment (feat. Christina Aguilera),"Pitbull, Christina Aguilera",136,0.8138,0.4626,0.2015,-6.38
49FYlytm3dAAraYgpoJZux,Umbrella,"Rihanna, JAY-Z",173.71,0.9509,0.6785,0.2009,-11.3
616j6ZDkGoohVH9J7OFov4,Deep End,"Mazro, Introspect",144.05,0.4454,0.7644,0.4147,-8.16
6JZYMxvcoeLD4IifJPvDux,Dirty Diana,Michael Jackson,131.2,0.4278,0.5437,0.3152,-14.27
396Oe9cFXg8EP8SO0hl4gG,Out On a Limb,Teena Marie,126.82,0.8166,0.5188,0.7682,0
39lSeqnyjZJejRuaREfyLL,Hungry Like the Wolf - 2009 Remaster,Duran Duran,127.6,0.7052,0.4674,0.6514,-3.72
5FMXrphygZ4z3gVDHGWxgl,Copacabana (At the Copa),Barry Manilow,116.5,0.7019,0.5361,0.7043,-7.97
1OOtq8tRnDM8kG2gqUPjAj,Beat It,Michael Jackson,138.7,0.3719,0.4969,0.6639,-6.82
56KqaFSGTb7ifpt16t5Y1N,Rock the Casbah - Remastered,The Clash,129.6,0.6426,0.7393,0.7979,-1.46
2WfaOiMkCvy7F5fcp2zZ8L,Take on Me,a-ha,168.8,0.7212,0.4474,0.7099,-4.42
65krtHkaYLPr0mEbjL61UP,Kiss of Life,Sade,97.05,0.6641,0.7781,0.6034,-2.14
5vmRQ3zELMLUQPo2FLQ76x,Smalltown Boy,Bronski Beat,134.23,0.5933,0.7337,0.7604,-6.71
64UioB4Nmwgn2f4cbIpAkl,It's Still Rock and Roll to Me,Billy Joel,141.1,0.72,0.4549,0.4714,-13.95
47BBI51FKFwOMlIiX6m8ya,I Want It That Way,Backstreet Boys,98.9,0.6585,0.6843,0.3426,-4.95
5bGmuxShUba9maPswDnhCs,What a Girl Wants,Christina Aguilera,142.1,0.7549,0.2722,0.8299,-4.96
37ZJ0p5Jm13JPevGcx4SkF,Livin' On A Prayer,Bon Jovi,122.32,0.4982,0.2491,0.2521,-1.74
2AW37v0bDyuOzGP3XnmFuA,It's Gonna Be Me,*NSYNC,165.4,0.6497,0.4864,0.8788,-0.17
6naxalmIoLFWR0siv8dnQQ,Oops!...I Did It Again,Britney Spears,95,0.4658,0.4644,0.3815,-5.44
6xkryXuiZU360Lngd4sx13,Fantasy,Mariah Carey,102.3,0.8698,0.4247,0.503,-2.6
1Jaah2tmN9Hv81A87KZ1MU,Torn,Natalie Imbruglia,192.3,0.8184,0.8289,0.5341,-5.3
3XKIUb7HzIF1Vu9usunMzc,Maria Maria (feat. The Product G&B),"Santana, The Product G&B",98,0.6849,0.9278,0.4643,-6.49
7A0apkTSTvMbSI7yplcmlh,Come on over Baby (All I Want Is You) - Radio Version,Christina Aguilera,118.8,0.7869,0.2688,0.6027,-6.23
6qspW4YKycviDFjHBOaqUY,Waterfalls,TLC,86,0.904,0.5196,0.4682,-5.55
5A6OHHy73AR5tLxgTc98zz,Black and Yellow,Wiz Khalifa,164.1,0.3524,0.325,0.4723,-7.08
1QV6tiMFM6fSOKOGLMHYYg,Poker Face,Lady Gaga,118.8,0.4003,0.4864,0.2498,-7.66
1Mb8WgET5ozEtG0zlibyUy,Timber,"Pitbull, Kesha",130,0.729,0.6166,0.4209,-10.43
6ECp64rv50XVz93WvxXMGF,This Love,Maroon 5,95,0.7208,0.7801,0.0523,-11.54
66TRwr5uJwPt15mfFkzhbi,Crank That (Soulja Boy),Soulja Boy,140.2,0.9424,0.7409,0.4018,-5.66
3SPDQfj2UfWq6A2NllZnzn,What Makes You Beautiful,One Direction,124.9,0.9712,0.4155,0.2607,-6.67
2CEgGE6aESpnmtfiZwYlbV,Dynamite,Taio Cruz,119.8,0.7487,0.5928,0.3665,-3.97
3R1Xa7LkesYpNI3v6fslKi,Riptide,Vance Joy,103.1,0.7497,0.8818,0.1365,-5.46
2bLqfJjuC5syrsgDsZfGmn,The Way I Are,"Timbaland, Keri Hilson, D.O.E.",114.8,0.9523,0.595,0.388,-6.51
5P5cGNzqh6A353N3ShDK6Y,Bad Romance,Lady Gaga,118.8,0.6012,0.644,0.553,-9.09
59dLtGBS26x7kc0rHbaPrq,Nothin' on You (feat. Bruno Mars),"B.o.B, Bruno Mars",103.9,0.5282,0.4675,0.4828,-7.67
4vp2J1l5RD4gMZwGFLfRAu,I Gotta Feeling,Black Eyed Peas,128,0.9587,0.7364,0.4796,-5.02
0O45fw2L5vsWpdsOdXwNAR,SexyBack (feat. Timbaland),"Justin Timberlake, Timbaland",117.1,0.6752,0.3898,0.2819,-9.25
00Mb3DuaIH1kjrwOku9CGU,Sk8er Boi,Avril Lavigne,149.8,0.4325,0.2686,0.4347,-4.16
0I3q5fE6wg7LIfHGngUTnV,Ms. Jackson,Outkast,95,0.8523,0.3079,0.4611,-9.95
717TY4sfgKQm4kFbYQIzgo,Toxic,Britney Spears,143.1,0.8567,0.7063,0.9421,-7.1
7w9bgPAmPTtrkt2v16QWvQ,"Lose Yourself - From ""8 Mile"" Soundtrack",Eminem,85.7,0.6984,0.7069,0.432,-9.82
7KccdUP4IslFXUNNseqBc7,The Real Slim Shady,Eminem,104.4,0.8988,0.4191,0.6578,-9.3
7FIWs0pqAYbP91WWM0vlTQ,Godzilla (feat. Juice WRLD),"Eminem, Juice WRLD",166.04,0.8471,0.7439,0.4795,-4.44
6UaRii9AH6Zss9xNMEQ2M9,Love The Way You Lie,"Eminem, Rihanna",173.7,0.5141,0.7255,0.6405,-10.77
0TR2EOv4irt7GAiLIZ3kZ8,Stan,"Eminem, Dido",160.2,0.7977,0.8593,0.351,-3.94
4ksuI04WMvUnJbHQjgs3L5,Talk Up (feat. Jay-Z),"Drake, JAY-Z",140.15,0.7347,0.8207,0.6567,-2.95
1dUHF4RyMmMTveJ0Rby6Xm,Can’t Take A Joke,Drake,173.71,0.7705,0.6769,0.6414,-11.47
5yY9lUy8nbvjM1Uyo1Uqoc,Life Is Good (feat. Drake),"Future, Drake",142.07,0.3328,0.836,0.4359,-1.09
3pHkh7d0lzM2AldUtz2x37,The Archer,Taylor Swift,124.91,0.8801,0.7055,0.5771,-6.89
1ixphys4A3NEXp6MDScfih,Be the One,Dua Lipa,175.19,0.4389,0.7315,0.3475,-5.59
48QmG1dfvMuYLxMPt7KSRA,No Lie,"Sean Paul, Dua Lipa",102.08,0.281,0.5706,0.2846,-3.83
2ekn2ttSfGqwhhate0LSR0,New Rules,Dua Lipa,116.13,0.5969,0.7428,0.2243,-1.93
2eAAEa8pxKF7My0EO4rFgR,Blow Your Mind (Mwah),Dua Lipa,109.09,0.4984,0.9068,0.4588,-3.96
76cy1WJvNGJTj78UqeA5zr,IDGAF,Dua Lipa,97.05,0.6777,0.9501,0.725,-7.44
7jr3iPu4O4bTCVwLMbdU2i,Kiss and Make Up,"Dua Lipa, BLACKPINK",99.86,0.6506,0.8935,0.3669,-3.7
2TH65lNHgvLxCKXM3apjxI,Callaita,"Bad Bunny, Tainy",175.93,0.7624,0.5944,0.4517,-6.39
3wYRLYuO1M88d8woWUIxct,Ignorantes,"Bad Bunny, Sech",95.93,0.5051,0.6223,0.3372,-8.31
1JxhrUWZjuI8AOjDJ1JpMN,Soy Peor,Bad Bunny,115.81,0.6372,0.4815,0.2615,-4.15
4pAl7FkDMNBsjykPXo91B3,Needed Me,Rihanna,110.84,0.6293,0.6895,0.4971,-3.98
7BiELrM90hRxpozaIXbsLw,Sex With Me,Rihanna,112.04,0.8022,0.805,0.5809,-11.47
3HQcsqRjRdruUjkbDSgmVF,Woo,Rihanna,114.84,0.8546,0.6806,0.3207,-5.77
15JINEqzVMv3SvJTAXAKED,Love The Way You Lie,"Eminem, Rihanna",173.7,0.6906,0.8508,0.6947,-7.56
0UHB9METy4VCXNgkcGqHqS,Kiss It Better,Rihanna,95.04,0.7313,0.6552,0.4628,-7.96
78TTtXnFQPzwqlbtbwqN0y,FourFiveSeconds,"Rihanna, Kanye West, Paul McCartney",102.8,0.2933,0.8015,0.4226,-7.37
3QUGWtw2Mtjbd4JB0Sg9h6,Who's That Chick ? (feat. Rihanna) - Single Version,"David Guetta, Rihanna",128,0.375,0.7259,0.1416,-6.4
41dwfdVGLtjXxIKE65yUWP,Can't Remember to Forget You (feat. Rihanna),"Shakira, Rihanna",137.8,0.7209,0.4027,0.4788,-4.07
4PpuH4mxL0rD35mOWaLoKS,Lemon,"N.E.R.D, Rihanna, Pharrell Williams",189.65,0.7411,0.7256,0.713,-7.48
5M8nEsWqUkwUwCp58ydE4W,Run This Town [Jay-Z + Rihanna + Kanye West],JAY-Z,86.7,0.9199,0.869,0.4334,-4.02
2LKlHBPHxLG5ArAXfF148n,Lemon - Edit,"N.E.R.D, Rihanna",189.65,0.8302,0.9031,0.3147,-4.05
1OAh8uOEOvTDqkKFsKksCi,Wild Thoughts (feat. Rihanna & Bryson Tiller),"DJ Khaled, Rihanna, Bryson Tiller",97.97,0.522,0.3817,0.7906,-4.03
0azC730Exh71aQlOt9Zj3y,This Is What You Came For,"Calvin Harris, Rihanna",124.16,0.6694,0.6045,0.6049,-6.33
5yhKaacMZGRo4s6evJx9vk,Bad (feat. Rihanna) - Remix,"Wale, Rihanna",113.9,0.9033,0.6837,0.5577,-4.65
0kN8xEmgMW9mh7UmDYHlJP,Versace on the Floor,Bruno Mars,173.71,0.7257,0.3863,0.769,-5.01
2cGxRwrMyEAp8dEbuZaVv6,Instant Crush (feat. Julian Casablancas),"Daft Punk, Julian Casablancas",110,0.6209,0.344,0.6651,-10.23
4RepvCWqsP6zBuzvwYibAS,I Feel It Coming,"The Weeknd, Daft Punk",186.23,0.8108,0.7853,0.1851,-6.3
1pKYYY0dkg23sQQXi0Q5zN,Around the World,Daft Punk,121.2,0.6176,0.8394,0.6252,-9.8
5CMjjywI0eZMixPeqNd75R,Lose Yourself to Dance (feat. Pharrell Williams),"Daft Punk, Pharrell Williams",100.1,0.5216,0.7049,0.2943,0
247OK7W7ke06iripfvHDiw,Robot Rock,Daft Punk,111.7,0.7625,0.6747,0.5949,-6.69
2FTxc9WUZcKFQtFrT1oOVd,Human After All,Daft Punk,136,0.6502,0.25,0.4969,-2.56
0oks4FnzhNp5QPTZtoet7c,Giorgio by Moroder,Daft Punk,113.3,0.8411,0.751,0.5298,-6.08
37YWwmlRl1GonSwjRuOiEq,Aerodynamic - Daft Punk Remix,Daft Punk,123,0.6064,0.6007,0.7929,-6.91
1SLxVWqXo9zNrrDKRa3m1G,Viva La Vida,Coldplay,137.8,0.7476,0.9476,0.3979,-0.83
6RUKPb4LETWmmr3iAEQktW,Something Just Like This,"The Chainsmokers, Coldplay",102.85,0.8233,0.6869,0.4238,-4.2
6nek1Nin9q48AVZcWs9e9D,Paradise,Coldplay,139.7,0.6927,0.5264,0.4522,-8.03
2RZ8SjEJYJHZ8YCUzls77w,Flags,Coldplay,179.76,0.8425,0.5933,0.5498,-6.85
23khhseCLQqVMCIT1WMAns,Magic,Coldplay,93.5,0.5578,0.868,0.2101,0
58ge6dfP91o9oXMzq3XkIS,505,Arctic Monkeys,140.2,0.6135,0.7392,0.6926,-9.44
37ebs6hDGOWK8SDAB2kZG5,Friction,Imagine Dragons,103.88,0.725,0.5034,0.6759,-6.41
3DBMmyOLQ8VIEd5fBnTSfK,Mouth Of The River,Imagine Dragons,95.93,0.7807,0.5497,0.4123,-12.62
0GCXZmk0Uf74BdgWl0GaX2,I’m So Sorry,Imagine Dragons,142.6,0.3124,0.804,0.7104,-1.64
7Hgsi71JFjg8ITWYzvDrD3,Yesterday,Imagine Dragons,156.01,0.773,0.4121,0.7097,-8.97
5XeFesFbtLpXzIVDNQP22n,I Wanna Be Yours,Arctic Monkeys,135.11,0.7375,0.6525,0.6843,-8.49
0NdTUS4UiNYCNn5FgVqKQY,Snap Out Of It,Arctic Monkeys,130.01,0.7205,0.5955,0.7406,-4.95
086myS9r57YsLbJpU0TgK9,Why'd You Only Call Me When You're High?,Arctic Monkeys,91.88,0.8096,0.4573,0.4541,-11.29
2AT8iROs4FQueDv2c8q2KE,R U Mine?,Arctic Monkeys,97.05,0.8925,0.6702,0.3417,-3.7
5FVd6KXrgO9B3JPmC8OPst,Do I Wanna Know?,Arctic Monkeys,84.89,0.4036,0.4507,0.4438,-7.38
2LGdO5MtFdyphi2EihANZG,Knee Socks,Arctic Monkeys,97.97,0.7495,0.8159,0.4679,-1.04
7nzsY8vlnKdvGOEE0rjAXZ,Arabella,Arctic Monkeys,89.88,0.7472,0.6261,0.6872,-12.02
7e8utCy2JlSB8dRHKi49xM,Fluorescent Adolescent,Arctic Monkeys,112.04,0.5674,0.7467,0.669,-4.41
6wVWJl64yoTzU27EI8ep20,Crying Lightning,Arctic Monkeys,106.28,0.544,0.3617,0.423,-2.25
3BcQFPRZuuUClWStz29WjN,Old Yellow Bricks,Arctic Monkeys,135.1,0.9201,0.7651,0.5572,-1.84
13NCxLOlvQ4Tnexgfp03Gs,Do Me a Favour,Arctic Monkeys,180.5,0.759,0.4741,0.6838,-4.11
5rTIpPWeO0IL4HWlGWrz5G,Brianstorm,Arctic Monkeys,165.4,0.7883,0.5876,0.4281,-8.48
1j9rezdE3YeC7yktZXC1em,I Want It All,Arctic Monkeys,130.83,0.8583,0.8155,0.1711,-7.1
45QyGXbqTWaFUrIKe2ugs3,D Is for Dangerous,Arctic Monkeys,145.1,0.5916,0.5744,0.0868,-1.33
6wNUBZNWFxdUGof6vkaykE,One For The Road,Arctic Monkeys,89.88,0.9329,0.4967,0.4632,-7.5
2QUlMbvD9bL8wHqfsoqoet,Stop The World I Wanna Get Off With You,Arctic Monkeys,95.04,0.8455,0.5216,0.3594,-10.41
0hAMkY2kwdXPPDfQ1e3BmJ,Dancing Shoes,Arctic Monkeys,145.07,0.8435,0.1822,0.8292,-5.84
6Vmow8PuUaU7W1T2WWLZk2,Go Gina,SZA,160.25,0.9075,0.3104,0.4082,-3.12
1eiwbaZbqA5xm7BtBPesQj,bellyache,Billie Eilish,99.86,0.7461,0.4263,0.2652,-7.61
6cX5gpmE7PW5FZXzAmW7vK,ocean eyes,Billie Eilish,145.07,0.8866,0.423,0.447,-7.64
73SpzrcaHk0RQPFP73vqVR,No Time To Die,Billie Eilish,144.05,0.7095,0.7443,0.4145,-7.39
3XF5xLJHOQQRbWya6hBp7d,you should see me in a crown,Billie Eilish,150.34,0.9356,0.3348,0.3114,0
40T5GIqQ1CegGm2PTEl8Bu,idontwannabeyouanymore,Billie Eilish,170.14,0.7304,0.7642,0.8561,-7.96
3Fj47GNK2kUF0uaEDgXLaD,wish you were gay,Billie Eilish,118.12,0.6157,0.6452,0.4414,-6.83
6CcJMwBtXByIz4zQLzFkKc,i love you,Billie Eilish,137.81,0.8769,0.3864,0.4237,-6.54
43zdsphuZLzwA9k4DJhU0I,when the party's over,Billie Eilish,124.91,0.2822,0.6795,0.4465,-6.93
6RgMzU9AJPqGsuOeYIG0FM,party favor,Billie Eilish,130.01,0.6531,0.3059,0.547,-8.64
3ZCTVFBt2Brf31RLEnCkWJ,everything i wanted,Billie Eilish,119.84,0.8275,0.9048,0.3049,-7.21
3Tc57t9l2O8FwQZtQOvPXK,my strange addiction,Billie Eilish,99.86,0.5146,0.6905,0.4211,-6.5
7qEKqBCD2vE5vIBsrUitpD,ilomilo,Billie Eilish,119.84,0.6811,0.6282,0.6043,-5.88
04sN26COy28wTXYj3dMoiZ,Bored,Billie Eilish,119.84,0.7597,0.8926,0.4111,-7.97
66Q3fAmSX5eHamgbKa9alP,Real Friends,Kanye West,85.95,0.9694,0.9094,0.7966,-7.64
1o0kWPueYo94LIjPYOE5Nf,Saint Pablo,Kanye West,168.06,0.7779,0.6871,0.3201,-4.24
7iOhWWYjhhQiXzF4o4HhXN,Last Call,Kanye West,175.93,0.9379,0.5447,0.4049,-3.13
0zLClc0emc6qUeV1p5nc99,No More Parties In LA,Kanye West,94.18,0.9297,0.5529,0.404,-3.27
35srNkJVToAzYiZzron1FY,Young Forever,"JAY-Z, Mr Hudson",140.1,0.5223,0.8343,0.4327,-3.56
7qTHHJ8MeXEKBVuopWdw4b,Roc Boys (And The Winner Is)...,JAY-Z,94.4,0.7642,0.7548,0.4352,-3.66
5kMsjfhYMZ1L9Btuu0AIRx,D.O.A. (Death Of Auto-Tune),JAY-Z,86.5,0.8035,0.4569,0.1168,-9.34
6BspqxU4vVF6ZsWjfgIJkK,Already Home,"JAY-Z, Kid Cudi",161.5,0.6831,0.1318,0.3285,-7.17
1WOwGVtrVWtV3WW7X4TZoB,Public Service Announcement (Interlude),JAY-Z,89.3,0.518,0.479,0.4994,-6.02
1OCre7xil1ym1eXXC4rEM6,Change Clothes,JAY-Z,103.9,0.6421,0.8891,0.7085,-4.67
0s46SltT4On0Z6kglK1I5c,I Just Wanna Love U (Give It 2 Me),JAY-Z,98.7,0.8128,0.7702,0.5835,-5.58
23OsKXPv8RVXHQltxo9scO,Ain't No Nigga,"JAY-Z, Foxy Brown",99.4,0.8831,0.3958,0.2685,-5.98
4m1B88bynbZIVnrDsUINYc,Big Pimpin',"JAY-Z, UGK",138.3,0.8362,0.4089,0.5969,-9.35
1ozkUXjTicFlTvrmdYmLDj,Money,Cardi B,130.01,0.6117,0.6724,0.6683,-5.76
2Yl4OmDby9iitgNWZPwxkd,Be Careful,Cardi B,152,0.9566,0.516,0.4834,-3.77
1Ydy1j4ooUkDvQYSvwxjoy,Please Me,"Cardi B, Bruno Mars",133.8,0.6901,0.7069,0.5159,-6.21
6KBYefIoo7KydImq1uUQlL,Bodak Yellow,Cardi B,124.91,0.7071,0.8943,0.4206,-1.55
0dIoGTQXDh1wVnhIiSyYEa,Bartier Cardi (feat. 21 Savage),"Cardi B, 21 Savage",137.81,0.6576,0.466,0.3425,-9.36
5DfWF0jqMgZDCiu9zJENTA,Ring (feat. Kehlani),"Cardi B, Kehlani",106.01,0.7708,0.86,0.4126,-11.2
2Xc9MR2NMc5IKPFKaEjt1k,Hot Girl,Megan Thee Stallion,186.23,0.5402,0.6701,0.1923,-2.29
0526DaOuV7mRlPKxhMSJKw,My Collection,Future,160.25,0.6769,0.5501,0.2763,-7.09
1K5KBOgreBi5fkEHvg5ap3,Life Is Good (feat. Drake),"Future, Drake",142.07,0.9165,0.5898,0.8036,-8.33
4lH6nENd1y81jp7Yt9lTBX,Solo,Future,110.84,0.8204,0.5767,0.6837,-6.61
78sr3ogs4UzITcCNbXM9cM,Used to This (feat. Drake),"Future, Drake",164.72,0.6265,0.8053,0.5935,-11.29
2D1hlMwWWXpkc3CZJ5U351,P.I.M.P.,50 Cent,170.14,0.4271,0.3857,0.6699,-5.44
3ORfa5ilEthp2U0TRcv7kv,Patiently Waiting,"50 Cent, Eminem",157.8,0.8026,0.6626,0.1368,-10.51
41bIQPBE1lFN0mmw6Lmssz,21 Questions,"50 Cent, Nate Dogg",93.12,0.4581,0.588,0.3275,-3.49
7JeKXMQKm6GoLGTkNy2jZ0,If I Can't,50 Cent,93.96,0.4614,0.6455,0.2913,-10.67
2I9foKseoFQh07p6sD2voE,Many Men (Wish Death),50 Cent,80.59,0.6678,0.8971,0.5391,-7.32
5D2mYZuzcgjpchVY1pmTPh,Candy Shop,"50 Cent, Olivia",97.97,0.6579,0.6708,0.4114,-5.58
4nva9EpKntUTs6CRSGBCn9,Just A Lil Bit,50 Cent,96.82,0.7114,0.5577,0.7116,-7.53
7t67S1XHT4jU0GCkruG34R,Hustler's Ambition,50 Cent,87.97,0.8643,0.718,0.2672,-8.49
4Uj5q4Fq6HMoYdUvma6vGi,Outta Control - Remix,"50 Cent, Mobb Deep",92.08,0.8663,0.8983,0.543,-6.78
3hwwIr2pcL2IWBpEUj5Hya,Window Shopper,50 Cent,87.04,0.5909,0.7699,0.5339,-3.1
6TYPoBrn53njY2C0WwdmA1,Hate It Or Love It - G-Unit Remix,"50 Cent, The Game, Tony Yayo, Young Buck, Lloyd Banks",99.86,0.7611,0.6654,0.5335,-3.76
1wI3UvluGGKUeFeVFsP9do,Best Friend - Remix,"50 Cent, Olivia",90.87,0.802,0.5704,0.7948,-1.21
4UhUXGXEeq3mPJyzZkx9fY,You Don't Know,"Eminem, 50 Cent, Ca$his, Lloyd Banks",170.8,0.8207,0.5509,0.209,-3.53
4dzoJSn9EC4F1pDmHwea3B,I'll Whip Ya Head Boy,"50 Cent, Young Buck",158.41,0.8729,0.4984,0.4599,-11.31
4Sac6rZdLZQNSj7PaKrR94,I Get It In,50 Cent,95.04,0.5817,0.6121,0.3902,-7.12
0XV3lm3ZxKUr6FiWVdJuyk,I'll Still Kill,"50 Cent, Akon",87.97,0.7541,0.7369,0.379,-2.8
4lyphUu7lt4KKuf8jZKjjh,Get Up,50 Cent,92.49,0.6882,0.3304,0.4588,-10.27
1FKFCvi0i46qEJLZSEBH8p,I Get Money,50 Cent,92.29,0.4671,0.8478,0.2553,-8.46
1s0Qy8SEPTR1hUAA0ikC7A,Baby By Me (Featuring Ne-Yo),"50 Cent, Ne-Yo",189.65,0.6476,0.8239,0.5521,-8.38
6530klKZZmOHL2ACme2rRJ,Straight To The Bank,50 Cent,89.68,0.7244,0.6937,0.6653,-6.83
36Hwcla06Q5BCr59CL0sBp,Ayo Technology,"50 Cent, Justin Timberlake, Timbaland",140.15,0.7858,0.6255,0.6761,-6.73
3AoeaZs8dFemFJr3JdzOL0,You Are Not Alone,Michael Jackson,119.8,0.87,0.5135,0.2471,-6.96
21VCYxPZ8A2XpSNUyQCT3B,Another Part of Me - 2012 Remaster,Michael Jackson,106,0.7776,0.4006,0.5634,-2.54
2fytePz8UsbUr8n33QBEcm,I Just Can't Stop Loving You (feat. Siedah Garrett) - 2012 Remaster,"Michael Jackson, Siedah Garrett",100.1,0.938,0.7654,0.2394,-2.61
5Fy40smNxk0j5OpFMtvfaU,In the Closet,Michael Jackson,110.5,0.6811,0.3182,0.3154,-9.66
6BdiFsPMPkSEEO4fFXFVWX,Workin' Day and Night,Michael Jackson,129.6,0.6253,0.3961,0.5995,-8.46
6NGsHLZYGVAkXTFr75WWnn,She's Out of My Life,Michael Jackson,126.4,0.7776,0.4225,0.5554,-5.93
3u4RKvwDT3CKeYbjxqXEye,Dangerous,Michael Jackson,113,0.8918,0.598,0.2473,-6.45
11lw4bWbmxWIETHitBU0Gc,Blood on the Dance Floor,Michael Jackson,109.1,0.6634,0.872,0.5979,-5.65
2eADspwGh5Ad8tDoJ2bHsR,This Place Hotel (a.k.a. Heartbreak Hotel),The Jacksons,97.05,0.7056,0.6997,0.6465,-13.2
5L9anTQJGLyRObYDYvLWdh,Unbreakable,Michael Jackson,94,0.6466,0.2752,0.7231,-8.14
4qv7YSyt5UV8LvrXyE8sGn,"Can You Feel It - 7"" Version",The Jacksons,125.7,0.5262,0.8137,0.6969,-5.35
62LJFaYihsdVrrkgUOJC05,Kiss,Prince,111.44,0.8253,0.6132,0.6897,-10.77
0QeI79sp1vS8L3JgpEO7mD,Let's Go Crazy,Prince,98.44,0.662,0.4947,0.6275,-2.54
0OfWbtiZ3fHd64VmpCSj7g,Erotic City,Prince,125.3,0.7562,0.5395,0.8079,-5.11
3RUaiJfAEKJ973XuGcfDGE,Sorry,Madonna,132.9,0.6392,0.2874,0.666,-9.13
5RaWAfn22EZugfFcB23G24,Jump,Madonna,119.2,0.6627,0.5517,0.6171,-5.66
3ZfMci7n6qk9nRodX8BfIb,Girl Gone Wild,Madonna,132.09,0.654,0.896,0.3896,-5.51
59qPP8coY8EWIQ9nQDThui,Give It 2 Me,Madonna,126.8,0.2779,0.8327,0.506,-8.64
5TCPfd2sUyyTthOhFNRo4Q,"Deeper and Deeper - 7"" Edit",Madonna,119.8,0.5816,0.7908,0.4796,-5.66
3YTXrxW9cTo2FhcbTs8pmM,Miles Away,Madonna,115.8,0.8172,0.3552,0.7545,-9.13
6oJ6le65B3SEqPwMRNXWjY,Higher Love,"Kygo, Whitney Houston",103.88,0.7431,0.7022,0.3939,-3.77
79wbJeLkXOlJh4AzaWCWfL,How Will I Know,"Whitney Houston, Clean Bandit",119.5,0.6509,0.3664,0.2498,-2.4
15s020BUq1jO7wIxtfKuOu,Masterpiece,Madonna,87.04,0.6391,0.72,0.2024,-5.79
5ifX6jfT33QWKP9DE0YRG8,I Wanna Dance with Somebody (Who Loves Me),Whitney Houston,118.8,0.4343,0.9243,0.4471,-5.39
1lx8ddGT5wCD6W2xmLeRKG,Saving All My Love for You,Whitney Houston,99.1,0.6718,0.8505,0.3137,-6.94
0JN7vUgUolHGHFrOR8xk7S,When You Believe - from The Prince of Egypt,"Whitney Houston, Mariah Carey",126,0.5614,0.6695,0.4986,-5.57
4yIfjMoivhXnY9lZkoVntq,Greatest Love Of All,Whitney Houston,130.83,0.5289,0.7878,0.4851,-5.26
4eHbdreAnSOrDDsFfc4Fpm,I Will Always Love You,Whitney Houston,134.2,0.8113,0.7177,0.2905,-5.93
4h8iUgjIlKEBzy2pSSQ49A,So Emotional,Whitney Houston,119.2,0.7901,0.8669,0.2634,-3.91
0qilV2pyNYLPryWllKwAIL,I'm Your Baby Tonight,Whitney Houston,165.38,0.6613,0.8572,0.5108,-6.68
1omkjpCjFP33TeP8evleBE,It's Not Right but It's Okay - Thunderpuss Club Mix,"Whitney Houston, Thunderpuss, Chris Cox, Barry Harris",130,0.8682,0.6832,0.4636,-7.05
0o7yqilFaW0ND4oeJVUl0D,Run to You - Film Version,Whitney Houston,154.27,0.7861,0.8289,0.2261,-3.2
1f2V8U1BiWaC9aJWmpOARe,By the Way,Red Hot Chili Peppers,126.4,0.7831,0.677,0.306,-1.96
0uppYCG86ajpV2hSR3dJJ0,Give It Away,Red Hot Chili Peppers,182.94,0.4918,0.6557,0.5524,-2.43
2aibwv5hGXSgw7Yru8IYTO,Snow (Hey Oh),Red Hot Chili Peppers,107.1,0.7608,0.4429,0.5304,-2.67
1G391cbiT3v3Cywg8T7DM1,Scar Tissue,Red Hot Chili Peppers,179,0.7923,0.8119,0.4324,-2.75
1ndGB6rvxKYN9seCYO1dTF,The Zephyr Song,Red Hot Chili Peppers,117.5,0.7223,0.3754,0.6224,-7.22
1Se0r96r0gnqg67kJPmESc,Parallel Universe,Red Hot Chili Peppers,124.2,0.6822,0.7724,0.5507,-2.28
0itNMuBHye9fu392b4e9oa,Tell Me Baby,Red Hot Chili Peppers,108,0.8777,0.4307,0.7949,-4.16
23NPGXlSaIqWzvxIRhM2oG,Under the Bridge,Red Hot Chili Peppers,168.1,0.5228,0.5942,0.8136,-3.78
0VLdJcQUsqHBBwqPp4CIKJ,Aeroplane,Red Hot Chili Peppers,101.1,0.7701,0.7256,0.8412,-7.95
0aGQHMr7bc23Y9Ts84ffop,Around the World,Red Hot Chili Peppers,189.7,0.5765,0.472,0.1486,-7.95
1XxCiPw07rd1ytYnE7SoJI,Road Trippin',Red Hot Chili Peppers,101.8,0.5492,0.6409,0.3774,-9.15
5f2ZVFERwwh3asebmurZEf,Hump de Bump,Red Hot Chili Peppers,111.7,0.8932,0.4485,0.4405,-9.28
0GcWf1Cc4ixN35D3O9VdcP,Get on Top,Red Hot Chili Peppers,115.2,0.8355,0.4597,0.4544,-3.16
0cG9ocYqYOIVtgiWTmTe3g,Breaking the Girl,Red Hot Chili Peppers,177.44,0.8152,0.3439,0.3756,-3.08
0psB5QzGb4653K0uaPgEyh,Suck My Kiss,Red Hot Chili Peppers,101.33,0.7619,0.5462,0.5649,-10.79
6HksxcBzMVdT17aq1Q79Xe,My Friends,Red Hot Chili Peppers,166.7,0.7249,0.8303,0.5047,-9.43
23EKk7ESb97Z5bFBlkuM56,Californication,Red Hot Chili Peppers,96.8,0.8725,0.6632,0.2027,-4.5
4LGKzrdEeBwR9UHCGlDT0W,I'll Stick Around,Foo Fighters,132.9,0.5625,0.7974,0.8123,-3.95
6pb5BBnIM5IM7R1cqag6rE,Big Me,Foo Fighters,130.83,0.5073,0.4193,0.3172,-9.9
3kdMzXOcrDIdSWLdONHNK5,The Sky Is A Neighborhood,Foo Fighters,133.37,0.5261,0.2822,0.8796,-8.96
1wLQwg0mloy3yXjL0jPE0N,Run,Foo Fighters,136,0.6153,0.4117,0.3927,-11.34
2kh0u2d2YKQ7BCqeLPdHk6,Breakout,Foo Fighters,156.61,0.5195,0.6712,0.3503,-11.41
7v0mtl6oInUtHOmTk2b0gC,Rope,Foo Fighters,137.8,0.9843,0.624,0.6194,-7.57
1QZFn6QUNHfCp8s06C91hw,DOA,Foo Fighters,145.6,0.7551,0.7033,0.1809,-7.02
7dIh8FF0EzYKS8STv3v4F4,Aurora,Foo Fighters,123,0.855,0.6986,0.5893,-5.47
02O71P5xudugRmFCFsQe9E,Cold Day In The Sun,Foo Fighters,132.9,0.9343,0.6385,0.3593,-2.09
2MKEQhvPb2VaJXjx5X8Yg6,No Way Back,Foo Fighters,93.1,0.7587,0.5955,0.3629,-3.89
06LzBUkKZpPAWiEwB6iVri,In Your Honor,Foo Fighters,138.7,0.7399,0.5187,0.8864,-8.44
1WwWjG2FGbBK6IkBBTknao,Next Year,Foo Fighters,176.7,0.7373,0.5032,0.7206,-5.74
0HHqPzcuK9902hbw9eF1RH,"Monkey Wrench - Live at Cold Live At The Chapel, Melbourne, Australia - Feb 2000",Foo Fighters,175.19,0.717,0.5135,0.6849,0
4uTi7sKEUmvVhSAqXJC5Kg,"Cold Day In The Sun - Live at the Pantages Theatre, Los Angeles, CA - August 2006",Foo Fighters,142.1,0.8201,0.9026,0.4412,-1.03
6FIJGWyovgbmDkjMp6a5x7,Come Back,Foo Fighters,89.1,0.7818,0.4755,0.624,-5.49
3j8ja2Hq824OaRqIENJPTH,Low,Foo Fighters,143.6,0.8695,0.2703,0.6012,-8.08
042RaY48TNY9aesv8fqYTf,I Should Have Known,Foo Fighters,116.8,0.7939,0.7387,0.371,-7.09
10gtVK2wMCv1HzjhHKnFnw,The Last Song,Foo Fighters,148.7,0.7879,0.5011,0.7567,-0.6
35OjTv3e5arNbGoCgfJ73Z,"Everlong - Live at the Pantages Theatre, Los Angeles, CA - August 2006",Foo Fighters,139.2,0.6193,0.5275,0.4799,-2.55
7xT9J7vWvVEx7AfrNZBcZR,Hell,Foo Fighters,154.8,0.6519,0.7348,0.2443,-7.53
12oSzrBIyirNs0aCwk6elL,Fade To Black,Metallica,112.35,0.8132,0.6717,0.7657,-5.51
0NdidkH0EQwG7mx6F6SDkI,Fuel,Metallica,107.39,0.9483,0.6533,0.2558,-10.25
4ZwXe7AwvVPVDfbLd39phW,Carpe Diem Baby,Metallica,142.07,0.7133,0.5599,0.6916,-1.32
3FREWTEY2uFxOorJZMmZPX,The Memory Remains,Metallica,144.56,0.6277,0.5737,0.5291,-8.18
4hOohf45f0JtxYKNsEAIOV,For Whom The Bell Tolls,Metallica,117.79,0.6053,0.6933,0.2461,-3.69
5SnOyuBtyzufoXBAKOdcxD,The Unforgiven,Metallica,139.2,0.8608,0.565,0.7444,-0.05
4zJLpLsfY52ih6y8u4mhKH,Wherever I May Roam,Metallica,131.25,0.6919,0.8868,0.2226,-6.3
2D1O6DE5aJDGHsb0W38EAN,The Unforgiven II,Metallica,132.09,0.6126,0.7472,0.2854,-9.79
3LM41UarpHPJkUZ7rVbbGx,Creeping Death,Metallica,100.59,0.5784,0.784,0.2168,-7.33
0epHEsqwVe2Viyc02QHdu8,No Leaf Clover (Live with the SFSO),Metallica,152.56,0.4525,0.5291,0.3999,-2.82
4ZbB7Lokl4pZdX25VMgDIK,I Disappear,Metallica,122.68,0.7055,0.5218,0.2707,-5.26
309o3PJag8FugLJTRTZa77,St. Anger,Metallica,93.33,0.8166,0.8076,0.326,-5.94
0mCS6W4eGouKP8WjvcZOJ7,The Ecstasy Of Gold (Live with the SFSO),Metallica,170.84,0.7421,0.9525,0.4929,-12.42
2hSUdqp3mciRZRgVSGlqwi,Harvester Of Sorrow,Metallica,186.23,0.7,0.4611,0.4121,-5.63
6xcpkEEppRQOqmo5MWflyF,The Unforgiven III,Metallica,121.24,0.75,0.2854,0.7476,-10.98
2V6yO7x7gQuaRoPesMZ5hr,Cyanide,Metallica,132.94,0.4119,0.8683,0.2044,-2.28
77gY3WsOnEsq9JOWgBmdLj,Whiskey In The Jar,Metallica,132.94,0.8659,0.4166,0.6377,-4.4
0onIqmzvDvsbhCbd66QgSV,Eye Of The Beholder,Metallica,122.68,0.8298,0.7895,0.8326,-6.98
3dEO0wAx9fVXQe06v0LDy1,Moth Into Flame,Metallica,178.21,0.8704,0.7436,0.6821,-4.63
4OH1lqC4mx1ja8RkXMOmRp,Hit The Lights (Remastered),Metallica,160.87,0.8487,0.3832,0.5967,-6.73
0QV3swr7L8MZr72lL2izV1,Hardwired,Metallica,187.08,0.8933,0.6916,0.4541,-9.42
2O7UGwJPVlix15Wn4sa5vw,Ride The Lightning - Remastered,Metallica,149.8,0.7366,0.5217,0.5797,-3.37
0hCB0YR03f6AmQaHbwWDe8,Whole Lotta Love - 1990 Remaster,Led Zeppelin,90.5,0.8646,0.678,0.5079,-10.57
2g7iUTiLRue30KAXnesFgt,Trampled Under Foot - 1990 Remaster,Led Zeppelin,110.84,0.6852,0.5926,0.4462,-7.72
3i25w2HOWoafnTIiWJCL71,Fool in the Rain - Remaster,Led Zeppelin,129.2,0.7498,0.7058,0.1232,-5.88
2nVHqZbOGkKWzlcy1aMbE7,Kashmir - 1990 Remaster,Led Zeppelin,160.87,0.8007,0.292,0.2899,-1.86
4PRGxHpCpF2yoOHYKQIEwD,Rock and Roll - Remaster,Led Zeppelin,174.4,0.8825,0.5557,0.5991,-0.94
3qT4bUD1MaWpGrTwcvguhb,Black Dog - Remaster,Led Zeppelin,174.4,0.7472,0.3582,0.1577,-7.96
1SDiiE3v2z89VxC3aVRKHQ,Since I've Been Loving You - Remaster,Led Zeppelin,117.5,0.4297,0.838,0.7002,-9.85
78lgmZwycJ3nzsdgmPPGNx,Immigrant Song - Remaster,Led Zeppelin,174.4,0.6347,0.5691,0.8041,-11.15
6lrh9jZ1xoMwoErgPSj2rY,All My Love - 1990 Remaster,Led Zeppelin,90.5,0.615,0.733,0.4395,-2.85
05f8Hg3RSfiPSCBQOtxl3i,When the Levee Breaks - Remaster,Led Zeppelin,142.1,0.6508,0.4818,0.4244,-6.22
5CQ30WqJwcep0pYcV4AMNc,Stairway to Heaven - Remaster,Led Zeppelin,174.4,0.7408,0.2845,0.7018,-3.08
1GcVa4jFySlun4jLSuMhiq,Angie - Remastered 2009,The Rolling Stones,158.4,0.8215,0.6485,0.4371,-6.82
7dOUBannsprgW5AZJwzbIn,The Rover - Remaster,Led Zeppelin,90.5,0.809,0.2523,0.1291,-6.32
5RRCU0kcL0EecW39iDFwna,Tumbling Dice,The Rolling Stones,110.8,0.7709,0.4338,0.2074,-6.36
74ALEpcm5uMnV8uffpPtzu,Just Your Fool,The Rolling Stones,116.13,0.3653,0.4508,0.8277,-11.5
78Az0Z1vNJgqv9QSB0ULLV,Paint It Black,The Rolling Stones,159,0.4782,0.7366,0.2489,-8.92
0DAeKfJBiLBUVyNJdpz2lH,It's Only Rock'n'Roll (But I Like It),The Rolling Stones,128.4,0.9555,0.5522,0.3508,-3.25
4lzwvEOsDWdJ9qWpa83pnS,Ride 'Em On Down,The Rolling Stones,115.49,0.4488,0.4854,0.6968,-6.01
2RjpDxBii8EvC6p6wxwCSz,Harder To Breathe,Maroon 5,149.8,0.6054,0.4827,0.6512,-10.64
07oRM1c6VtzDpxjTn8w6Hm,Tangled,Maroon 5,146.1,0.748,0.3621,0.4282,-2.83
6cX1zmXxkfhSvHW82U5CW6,The Sun,Maroon 5,160.2,0.5772,0.9189,0.3294,-7.41
64i1dyG9Td5z5Q0TCG17Pb,Secret,Maroon 5,88,0.8499,0.5776,0.5683,-6.57
3EgODk377wwLhTO2BtN9nt,Misery,Maroon 5,102.8,0.9216,0.6942,0.8867,-6.68
0UWGKR6b4nJCvK7Q1yjgjh,Makes Me Wonder,Maroon 5,113.89,0.9143,0.7511,0.6302,-7.14
0dnpN2l5GOtgMAh2kKa6B0,Stutter,Maroon 5,119.8,0.6364,0.7654,0.2406,-8.48
0PLu0oeBEZ0isWbm5PFoZt,Just A Feeling,Maroon 5,149.8,0.6885,0.3101,0.2207,-3.14
6f20Pw1naYO4xkCyHa8AxA,Never Gonna Leave This Bed,Maroon 5,117.5,0.8865,0.6286,0.3428,-8.96
45Pupst39aIab4KzvvdYMa,Hands All Over,Maroon 5,173,0.3947,0.2777,0.6354,-11.41
3IkqtvkTJmlqOohbmveWDi,I Can't Lie,Maroon 5,90.9,0.7837,0.5184,0.4524,-9.3
4XNrMwGx1SqP01sqkGTDmo,One More Night,Maroon 5,186.2,0.8618,0.616,0.4057,-9.77
5d63e8JNRbvshRK9zu8HGG,"Moves Like Jagger - Studio Recording From ""The Voice"" Performance","Maroon 5, Christina Aguilera",128,0.8812,0.7097,0.7005,-4.69
2EUxbBRKE07EOWW8mBkg5q,Sad,Maroon 5,160.2,0.8862,0.5395,0.7713,-6.38
24QIrV8FsMKIPCjwmDkEyw,Tickets,Maroon 5,120,0.3795,0.7548,0.4821,-3.6
2FtGF9wKcbAXsXlB2WTmxM,Maps,Maroon 5,119.8,0.7856,0.4172,0.6115,-7.35
5s8TNhF23nv2Pumf0JTe2i,Animals,Maroon 5,95.04,0.7914,0.4345,0.8025,-9.92
0JssjDh3UWEgjUslVZgHJG,Sugar,Maroon 5,119.8,0.6138,0.8037,0.4118,-5.1
22TcZGXKvZ8XnhnnaRcaiB,Feelings,Maroon 5,122,0.5907,0.6833,0.5301,-12.1
0VmdveDdlr2FMGwBljCfxA,Ordinary Human,OneRepublic,99.9,0.7322,0.8915,0.3878,-6.3
7sG2bWi2eDtvX9vX8yC1Gn,Inside Out,"The Chainsmokers, Charlee",144.05,0.8794,0.5928,0.7115,-6.52
4v1CvZazmdpxQLEt3sCeKH,New York City,The Chainsmokers,126,0.681,0.4547,0.5545,-8.9
1dNIEtp7AY3oDAKCGg2XkH,Something Just Like This,"The Chainsmokers, Coldplay",102.85,0.9093,0.6803,0.1872,-7.11
6cPyTS0Kk2sc4xQwC93kOg,Break Up Every Night,The Chainsmokers,149.8,0.5707,0.2151,0.45,-4.16
6KjbNLbRjuoa8rEq5yNA6H,Honest,The Chainsmokers,99.86,0.9452,0.3917,0.7412,-6.55
26AuyrZGzWWiYZPSd3XBIg,Bloodstream,The Chainsmokers,91.07,0.9089,0.8001,0.45,-4.49
15vzANxN8G9wWfwAJLLMCg,Paris,The Chainsmokers,99.86,0.4782,0.529,0.4577,-4.91
6V9kwssTrwkKT72imgowj9,My Type,"The Chainsmokers, Emily Warren",95.04,0.6123,0.673,0.411,-8.5
1KeZgPUr54C8iz3FjqzVoz,Young,The Chainsmokers,102.85,0.8427,0.8734,0.4529,-4.47
6GeD5g9vZTz25Egf8kxoIY,Last Day Alive,"The Chainsmokers, Florida Georgia Line",145.07,0.5854,0.6863,0.4035,-8.32
7jqDzXJS0K0Re8uphYNit0,Sick Boy,The Chainsmokers,179.76,0.694,0.8112,0.6703,-4.31
3pWcj8hxj3fsb9TDAcMpEl,Somebody,"The Chainsmokers, Drew Love",102.08,0.9553,0.7633,0.4593,-1.43
5yNEdBlZMxpcVtGKz5NFk5,Side Effects (feat. Emily Warren),"The Chainsmokers, Emily Warren",109.96,0.4058,0.7359,0.7009,-5.24
3pIigjAWkzwAonXpJ1fmSF,Everybody Hates Me,The Chainsmokers,154.85,0.7905,0.7753,0.3922,-5.15
15kQGEy89K8deJcZVFEn0N,This Feeling (feat. Kelsea Ballerini),"The Chainsmokers, Kelsea Ballerini",104.93,0.7006,0.5593,0.3134,-11.38
2hSPUp0RfF1j0pTWGpGADL,Scary Monsters and Nice Sprites - Noisia Remix,"Skrillex, Noisia",140.1,0.5679,0.7918,0.5998,-1.46
2HN8Y2Mkp9xikxGR9VJXoa,Scatta (feat. Foreign Beggars & Bare Noize),"Skrillex, Bare Noize, Foreign Beggars",140.2,0.9274,0.7068,0.359,-6.09
2TkoUq8sPXmc4KYzKBiTWT,Rock 'n' Roll (Will Take You to the Mountain),Skrillex,128,0.3675,0.6084,0.3682,-15.95
4XCHizdk3YrzdveEOAGpob,Kill EVERYBODY - Bare Noize Remix,"Skrillex, Bare Noize",140.2,0.9198,0.7811,0.6666,-4.97
1ShWHEgisDGPl9G3g85ANu,Breakn' a Sweat,"Skrillex, The Doors",140.1,0.6698,0.5408,0.7702,0
6I9sncEmtGc9rpKyb8U1f8,Kill EVERYBODY,Skrillex,126.8,0.931,0.8211,0.5052,-7.37
1A3XPibNuMPTbTWlPgRfTD,All I Ask of You (feat. Pennybirdrabbit),"Skrillex, pennybirdrabbit",126.8,0.715,0.7172,0.3765,-0.61
1aF6jpITT6RzPxrYsZJeIm,"With You, Friends (Long Drive)",Skrillex,119.8,0.682,0.5935,0.4374,-10.83
3XThyUoEI8BPDjdu954Uof,All Is Fair in Love and Brostep (with Ragga Twins),"Skrillex, Ragga Twins",140.15,0.6406,0.1797,0.5468,-8.22
1SbqxemPdwGlvmirtQVkCU,Summit (feat. Ellie Goulding),"Skrillex, Ellie Goulding",140.1,0.585,0.3225,0.4311,-4.14
3FUZpoj9VV0sgc8RqbS3xQ,Kyoto (feat. Sirah),"Skrillex, Sirah",175.2,0.5204,0.5094,0.2429,-8.44
687RRToOFAtpqZRzmbhGtu,The Devil's Den,"Skrillex, Wolfgang Gartner",128,0.7052,0.676,0.4683,-5.65
3AGawd3ZkLbYQlxe4nZIEK,Ease My Mind (feat. Niki and the Dove),"Skrillex, Niki & The Dove",149.8,0.8999,0.1838,0.2978,-1.5
5tGwVrXBhYGUIRQuQ1gvrQ,Ruffneck - Full Flex,Skrillex,140.2,0.789,0.7275,0.5304,-7.55
0QQwlREWKKxRUPPbpaKZJS,Scary Monsters and Nice Sprites - Dirtyphonics Remix,"Skrillex, Dirtyphonics",175.2,0.7482,0.3906,0.0945,-3.82
26esELUNWXobcpBzAIK8Rn,Ruffneck - Flex,Skrillex,140.2,0.5018,0.6855,0.3285,-5.99
0Gx4VrHzS7pZOEAGrmXXBH,La Bicicleta,"Carlos Vives, Shakira",179.76,0.4474,0.4642,0.6365,-8.54
2lnzGkdtDj5mtlcOW2yRtG,"Whenever, Wherever",Shakira,107.7,0.5674,0.5623,0.3701,-6.8
7Apo6o7oxgFyXaSmdx6NHN,Si Te Vas,Shakira,107.7,0.739,0.7291,0.4028,-9.25
5yKQTwznar5I75UyYJ9CnR,"Pies Descalzos, Sueños Blancos",Shakira,119.8,0.6642,0.5255,0.6312,-7.57
3YmA3gZqlXl0MkwhkVKxRy,Mi Verdad (feat. Shakira),"Maná, Shakira",99.9,0.7842,0.7453,0.283,-11.04
4M1lEbqPzlEw1JYWB6aE7K,Estoy Aquí,Shakira,117.1,0.5874,0.5639,0.5405,-7.41
7o1Pm9jpH0wFpN5g793Lnq,Can't Remember to Forget You (feat. Rihanna),"Shakira, Rihanna",137.8,0.9668,0.8134,0.2766,-1.84
6ZEVQ2whiJvhjCNAOJ0DC3,Tú,Shakira,139.7,0.8386,0.8379,0.3488,-10.25
6DUdDIRgLqCGq1DwkNWQTN,Borro Cassette,Maluma,175.9,0.3152,0.4351,0.5554,-8.55
1RouRzlg8OKFeqc6LvdxmB,Felices los 4,Maluma,187.93,0.9437,0.6199,0.7829,-9.74
2joKSGkqac0LIwYG9Ghrwq,Si Tu Novio Te Deja Sola,"J Balvin, Bad Bunny",121.96,0.9307,0.7928,0.4424,-5.41
38kLHBjtWJaPXcyFhwRVtI,Kemba Walker,"Eladio Carrion, Bad Bunny",147.13,0.7707,0.8828,0.2874,0
48yAM9xWBwT4Ac9G1y20rw,Explícale (feat. Bad Bunny),"Yandel, Bad Bunny",124.91,0.9543,0.6204,0.7016,-1.72
5MNS5FF4LrTX0jIaI0gory,Triste,"Bryant Myers, Bad Bunny",130.01,0.6021,0.9222,0.709,-4.01
2wgDAPgBhFA7pnIbm0YOhP,Me Mata,"Bad Bunny, Mambo Kingz, DJ Luian, Arcángel, Almighty, Bryant Myers, Noriel, Baby Rasta, Brytiago",113.89,0.5316,0.4942,0.3818,-5.83
2FIm6YsSGL5acOqSuJDh5s,Me Acostumbre (feat. Bad Bunny),"Arcángel, Bad Bunny",123.78,0.8864,0.8382,0.3896,-7.76
6041gM9Th1ViQcnzkIxnuv,Me Ama Me Odia,"Ozuna, Cosculluela, Revol",136,0.6063,0.8546,0.6102,-0.39
4ojwGTehgBRAg52jbFgzJg,Me Reclama,"Mambo Kingz, DJ Luian, Luigi 21 Plus, Ozuna",175.9,0.8704,0.2826,0.396,-4.77
7FfpP3YZ6fOWMdxkIAtud9,Krippy Kush,"Farruko, Bad Bunny, Rvssian",162.77,0.5387,0.5854,0.7068,-10.8
16wAOAZ2OkqoIDN7TpChjR,Yummy,Justin Bieber,146.09,0.9186,0.5718,0.5849,-10.03
0pwYLVXVknPSGUQb39cePC,As Long As You Love Me,"Justin Bieber, Big Sean",140.1,0.8983,0.8848,0.663,-9.02
3UGIZ8qcrMTwzLbx6Kttqt,Boyfriend,Justin Bieber,97.1,0.9313,0.7552,0.6557,-3.22
3A7qX2QjDlPnazUsRk5y0M,2U (feat. Justin Bieber),"David Guetta, Justin Bieber",149.8,0.5584,0.4054,0.5861,-7.22
3DXncPQOG4VBw3QHh3S817,"I'm the One (feat. Justin Bieber, Quavo, Chance the Rapper & Lil Wayne)","DJ Khaled, Justin Bieber, Quavo, Chance the Rapper, Lil Wayne",162.13,0.8466,0.5657,0.8574,-6.7
2TeLIzFBe3hxkPR5FIQZut,Like I Can,Sam Smith,99.86,0.7504,0.7961,0.4413,-11.78
5N5k9nd479b1xpDZ4usjrg,Promises (with Sam Smith),"Calvin Harris, Sam Smith, Jessie Reyez",123.05,0.9036,0.7678,0.2171,-7.98
6b2RcmUt1g9N9mQ3CbjX2Y,How Do You Sleep?,Sam Smith,166.04,0.732,0.6841,0.7696,-3.76
1JhuXhMiTBavuRXQTsGOdV,Too Good At Goodbyes - Acoustic,Sam Smith,88.91,0.6296,0.7325,0.6379,-11.03
13CHIxzN5Z4mbjjADGplNT,Make It To Me,Sam Smith,149.8,0.7451,0.2695,0.5451,-3.51
3BJe4B8zGnqEdQPMvfVjuS,Summertime Sadness,Lana Del Rey,112,0.4191,0.2713,0.4383,0
5UzTtUZper0CphnqZYvsIu,Young And Beautiful,Lana Del Rey,115.8,0.6632,0.6113,0.5393,-9.37
1NZs6n6hl8UuMaX0UC0YTz,Brooklyn Baby,Lana Del Rey,108,0.7809,0.6907,0.2418,-6.88
6IfPyMb0Sxptpx6jBUATOS,Old Money,Lana Del Rey,130,0.9321,0.543,0.6648,-4.72
0fBSs3fRoh1yJcne77fdu9,Video Games,Lana Del Rey,122.3,0.6741,0.804,0.3043,-1.89
4RyK6N4IQ85xxLgguQAFH5,Blue Jeans,Lana Del Rey,118.1,0.7668,0.688,0.8103,-3.4
24jvD83UgLmrdGjhWTFslY,Video Games,Lana Del Rey,122.3,0.7415,0.7556,0.5485,-8.76
3CgZCQyuyxHRMWB9BTwmni,Swim Good,Frank Ocean,160.2,0.67,0.4426,0.4151,-6.23
1BViPjTT585XAhkUUrkts0,Seigfried,Frank Ocean,84.89,0.398,0.7739,0.0933,-11.39
49sXkAcR5LvOrtq5Qcn5cf,Superpower (feat. Frank Ocean),"Beyoncé, Frank Ocean",160.2,0.8102,0.5005,0.4935,-7.76
6kl1qtQXQsFiIWRBK24Cfp,"RAF (feat. A$AP Rocky, Playboi Carti, Quavo, Lil Uzi Vert & Frank Ocean)","A$AP Mob, A$AP Rocky, Playboi Carti, Quavo, Lil Uzi Vert, Frank Ocean",133.8,0.9708,0.5604,0.6416,-6.01
34xTFwjPQ1dC6uJmleno7x,Godspeed,Frank Ocean,109.96,0.4733,0.3429,0.7464,-8.12
2ohegz9maxzroKBu9YhcCM,Pilot Jones,Frank Ocean,126,0.7376,0.5938,0.186,-8.65
0C3W4yLCuyUxIEwkSpBO8H,Pink Matter,"Frank Ocean, André 3000",171.6,0.528,0.5997,0.4098,-5.55
35xSkNIXi504fcEwz9USRB,Solo,Frank Ocean,135.11,0.6504,0.8025,0.5258,-10.14
5lcyIeEfwZTs8Ajw3kdF7P,Crack Rock,Frank Ocean,90.1,0.9384,0.7283,0.3845,-3.14
6gtNiLJNLBcV0P6Juenstp,Biking (Solo),Frank Ocean,148.19,0.2273,0.6058,0.5816,-15.39
0msrDPXxZpts4FRnoX0bFr,Monks,Frank Ocean,102.1,0.6104,0.7442,0.4044,-4.81
7eqoqGkKwgOaWNNHx90uEZ,Nights,Frank Ocean,160.25,0.958,0.7855,0.315,-7.32
1VMdwVq0yaTc4DeqSCi7DO,White,"Frank Ocean, John Mayer",108.8,0.7488,0.8231,0.6371,-6.55
5GUYJTQap5F3RDQiCOJhrS,Self Control,Frank Ocean,79.97,0.5017,0.711,0.4395,-7.26
04QTBqa3IA4ZAKEuqRPzEH,PartyIsntOver/Campfire/Bimmer (feat. Frank Ocean & Laetitia Sadier),"Tyler, The Creator, Frank Ocean, Laetitia Sadier",147.7,0.7362,0.5621,0.7091,-1.87
0rbK15g3UsDTVy1EuwgKYz,Pyramids,Frank Ocean,132.1,0.2547,0.8555,0.409,-6.32
7yMiX7n9SBvadzox8T5jzT,Clint Eastwood,"Gorillaz, Del The Funky Homosapien",168.1,0.5455,0.714,0.4343,-5.21
1kSWrMDt439cT64WpjJigW,19-2000,"Gorillaz, Miho Hatori, Tina Weymouth",102.1,0.9584,0.2799,0.7083,-6.41
4Hff1IjRbLGeLgFgxvHflk,DARE (feat. Shaun Ryder & Roses Gabor),"Gorillaz, Shaun Ryder, Roses Gabor",120.2,0.6342,0.5962,0.4193,-8.09
76Ug1q4l6rGwJ2ubV5wh3X,All Alone,"Gorillaz, Martina Topley-Bird, Roots Manuva",148.2,0.7658,0.9176,0.29,-4.73
0dcMqjeDpwqB2xhzMsld0p,El Mañana,Gorillaz,132.5,0.6853,0.7596,0.5012,-1.4
6XGddj522FQRHXEhBtjiJu,Strobelite (feat. Peven Everett),"Gorillaz, Peven Everett",104.93,0.7475,0.7135,0.4369,-5.96
7l9CE3wmEGOUYw1j4ETjnL,Saturnz Barz (feat. Popcaan),"Gorillaz, Popcaan",160.25,0.6246,0.7556,0.5773,-7.65
3a6PN6BRB8PP3ms48s7kU1,Empire Ants (feat. Little Dragon),"Gorillaz, Little Dragon",198.8,0.6834,0.713,0.8515,-6.66
0q6LuUqGLUiCPP1cbdwFs3,On Melancholy Hill,Gorillaz,120.5,0.9456,0.6306,0.7916,-8.61
2RCp9QBnFSxdKe8RD4xF8s,Momentz (feat. De La Soul),"Gorillaz, De La Soul, Kelvin Mercer",140.15,0.5937,0.4072,0.4306,-2.77
5oPetiXxyczinXVQrhTIxQ,Dirty Harry,"Gorillaz, Bootie Brown",96.1,0.7924,0.5713,0.6444,-3.21
2bBMODHVTXGwE2aZYfbgCt,Ascension (feat. Vince Staples),"Gorillaz, Vince Staples",152,0.4571,0.8434,0.4176,-3.71
6LUfuyLgvgqrykiTE6sJHY,Stylo (feat. Mos Def and Bobby Womack),"Gorillaz, Bobby Womack, Mos Def",100.1,0.5843,0.6251,0.8337,-3.37
7hQ0ojbeqicGhw0wdUVeaN,We Got the Power (feat. Jehnny Beth),"Gorillaz, Jehnny Beth",149.8,0.6437,0.6768,0.3689,-9.5
7kjDZASDLVImDDBjuf6iuA,Halfway to the Halfway House (feat. Peven Everett),"Gorillaz, Peven Everett",115.16,0.7109,0.7686,0.4072,-6.13
46LDfGrOIJF85wfRZLrfbM,Ticker Tape (feat. Carly Simon & Kali Uchis),"Gorillaz, Carly Simon, Kali Uchis",136,0.6613,0.7907,0.2908,-4.31
2bfGNzdiRa1jXZRdfssSzR,Dirty Harry (feat. Bootie Brown),"Gorillaz, Bootie Brown",96.1,0.774,0.8205,0.5622,-6.08
7JzmCjvB6bk48JghLyrg8N,Last Living Souls,Gorillaz,136.9,0.8196,0.387,0.4681,-5.59
5KurnDXzOeIYOMQceYidu7,Carnival (feat. Anthony Hamilton),"Gorillaz, Anthony Hamilton",162.13,0.7073,0.8492,0.7599,-10.66
1UJNbgfTzG1gZZTWFJdMf1,Superfast Jellyfish (feat. Gruff Rhys and De La Soul),"Gorillaz, Gruff Rhys, De La Soul",161.5,0.6163,0.5618,0.8411,-3.17
0eEgMbSzOHmkOeVuNC3E0k,Kids with Guns,"Gorillaz, Neneh Cherry",106.3,0.6342,0.1982,0.6263,-9.87
62SvkbQm1wMS6KZtbtls1V,True Love Waits - Live in Oslo,Radiohead,163.41,0.6243,0.3643,0.588,-6.76
2dDqsUr11Mv0qhXByNfbJx,Where I End and You Begin,Radiohead,121.96,0.7683,0.134,0.443,-4.78
7KHQtpLpoIV3Wfu22YQT8y,Present Tense,Radiohead,183.75,0.6608,0.957,0.7805,-4.21
5h4y42RUKwYKYWgutNwvKP,"There, There",Radiohead,126.43,0.7611,0.8512,0.4286,-4.23
3lPr8ghNDBLc2uZovNyLs9,Supermassive Black Hole,Muse,119.8,0.7081,0.5932,0.2427,-7.84
3skn2lauGk7Dx6bVIt5DVj,Starlight,Muse,121.6,0.9583,0.7409,0.7429,-3.33
0It6VJoMAare1zdV2wxqZq,Undisclosed Desires,Muse,116.1,0.3378,0.6074,0.4123,-8.8
0c4IEciLCDdXEhhKxj4ThA,Madness,Muse,179.8,0.859,0.503,0.5482,-7.89
6kyxQuFD38mo4S3urD2Wkw,Unintended,Muse,139.7,0.722,0.6995,0.5082,-2.21
383QXk8nb2YrARMUwDdjQS,Psycho,Muse,124.9,0.8896,0.3597,0.1334,-3.68
7wMq5n8mYSKlQIGECKUgTX,Hall of Fame (feat. will.i.am),"The Script, will.i.am",170.1,0.9315,0.829,0.6793,-4.35
7ccC26pJ3aDG81sS4FwdXF,Remember the Name (feat. Styles of Beyond),"Fort Minor, Styles Of Beyond",170.14,0.7749,0.9598,0.4885,-9.78
3kpYJjvM8Ja6btr5hEJLWc,Venom - Music From The Motion Picture,Eminem,136,0.7486,0.704,0.4113,-1.42
6r7ULK6c5CLVvImjTIztl1,Floor 555,XXXTENTACION,105.2,0.8018,0.5716,0.5246,-9.38
4PklAHGXT5ityno3IA8SKd,Go Stupid,"Polo G, Stunna 4 Vegas, NLE Choppa, Mike WiLL Made-It",141.1,0.9206,0.6598,0.2539,-2.81
4bHsxqR3GMrXTxEPLuK5ue,Don't Stop Believin',Journey,120.5,0.5725,0.3876,0.7673,-6.76
7lQ8MOhq6IN2w8EYcFNSUk,Without Me,Eminem,112.3,0.8422,0.9372,0.6936,-5.47
7lQWRAjyhTpCWFC0jmclT4,Gangsta's Paradise,"Coolio, L.V.",159.63,0.5138,0.4513,0.6433,-11.8
7MXVkk9YMctZqd1Srtv4MB,Starboy,"The Weeknd, Daft Punk",186.23,0.7004,0.3624,0.4163,-5.09
4wH4dJgrsxONID6KS2tDQM,Maneater,Nelly Furtado,132.9,0.7183,0.8718,0.8667,-1.96
0mEdbdeRFQwBhN4xfyIeUM,Can't Tell Me Nothing,Kanye West,79.97,0.9567,0.707,0.3091,-5.49
4EWCNWgDS8707fNSZ1oaA5,Heartless,Kanye West,87.97,0.9171,0.6594,0.6915,-4.77
2yPoXCs7BSIUrucMdK5PzV,Umbrella,"Rihanna, JAY-Z",173.71,0.5607,0.5059,0.6562,-6.84
3yfqSUWxFvZELEM4PmlwIR,The Real Slim Shady,Eminem,104.4,0.909,0.7286,0.4577,-9.03
0eFvoRSTTaR2q8bSWVjwfp,Welcome To The Jungle,Guns N' Roses,123.05,0.6051,0.7017,0.4498,-4.48
2jvHb9SHJDi8Ugky7tUzUb,Lose Yourself,Eminem,171.6,0.8919,0.5703,0.3109,-6.86
37LEkmNdegFwoS55DdL6Ov,Let's Get It Started,Black Eyed Peas,104.93,0.5947,0.7343,0.2846,-7.39
6p4SUKhIyPqbmU828M0JWD,'Till I Collapse,"Eminem, Nate Dogg",85.6,0.8741,0.803,0.4912,-1.21
7BmI4hAj6dXIQgA77ZlOzm,Buzzin Remix,"Mann, 50 Cent",103.9,0.594,0.7103,0.183,-4.07
1y4eb6hmAvsqlDOl3fx9kk,Hot N Cold,Katy Perry,132.1,0.7665,0.7649,0.1862,-3.07
46lFttIf5hnUZMGvjK0Wxo,Runaway (U & I),Galantis,126,0.4404,0.1985,0.3558,-3.59
4KTtYhxFtFL7mBwnjkKfLm,Glamorous,"Fergie, Ludacris",130.8,0.7361,0.7252,0.4868,-6.86
6MAdEUilV2p9RQUqE5bMAK,Domino,Jessie J,126.82,0.7548,0.5111,0.4431,-9.25
6HZ9VeI5IRFCNQLXhpF4bq,I Love It (feat. Charli XCX),"Icona Pop, Charli xcx",126,0.6194,0.634,0.4347,-6.97
5YJtMNWKe55yr49cyJgxva,Everytime We Touch,Cascada,142.1,0.7365,0.6267,0.7807,-5.28
44CZRkOxv7UItaAUmh8PgN,Doses & Mimosas,Cherub,114.5,0.778,0.3434,0.6609,-6.57
5gB2IrxOCX2j9bMnHKP38i,Life is a Highway,Rascal Flatts,103.1,0.6794,0.4284,0.299,-10.25
20FZrLl9zSbO9b3DhaqO6M,23,"Mike WiLL Made-It, Miley Cyrus, Wiz Khalifa, Juicy J",140.2,0.7994,0.5482,0.5648,-5.35
1aklRy3btsbucImSXvR2SY,Stereo Love - Original,"Edward Maya, Vika Jigulina",126.8,0.3707,0.8483,0.4262,-10.66
2QtJA4gbwe1AcanB2p21aP,Stay The Night - Featuring Hayley Williams Of Paramore,"Zedd, Hayley Williams",128,0.74,0.4189,0.4824,-8.78
04KTF78FFg8sOHC1BADqbY,Hot In Herre,Nelly,107.1,0.7342,0.7244,0.5167,-11.3
2oENJa1T33GJ0w8dC167G4,Fire Burning,Sean Kingston,123,0.6802,0.6729,0.5137,-5.54
7IxHyB6UoZW8EARDonolT2,Get Silly,V.I.C.,149.8,0.9076,0.5313,0.4946,-6.25
3ZFTkvIE7kyPt6Nu3PEa7V,Hips Don't Lie (feat. Wyclef Jean),"Shakira, Wyclef Jean",199.7,0.5741,0.2941,0.4826,-0.29
1uVfUdVv0h9MWia3tdZo5G,Baby Boy (feat. Beyoncé ),"Sean Paul, Beyoncé",182.1,0.8427,0.4955,0.7027,-5.81
7aXuop4Qambx5Oi3ynsKQr,I Don't Mind (feat. Juicy J),"USHER, Juicy J",113,0.6615,0.5018,0.7356,-2.35
7jRoWfRlLnGYEIEn4t4kbq,London Bridge,Fergie,182.1,0.7726,0.6362,0.4746,-6.6
0jrz4ZQKCsC6h2vzqgHiEp,Get Low,"Lil Jon & The East Side Boyz, Ying Yang Twins",101.1,0.6701,0.8619,0.4703,-9.93
0jSMveIWvnhDIvzqN74Uc7,Tipsy - Club Mix,J-Kwon,186.2,0.8432,0.7161,0.4917,-2.84
2NBQmPrOEEjA8VbeWOQGxO,Drop It Like It's Hot,"Snoop Dogg, Pharrell Williams",92.08,0.6415,0.672,0.6927,-7.2
61LtVmmkGr8P9I2tSPvdpf,Teach Me How to Dougie,Cali Swag District,84.9,0.7384,0.725,0.4831,-2.84
3Gf5nttwcX9aaSQXRWidEZ,Ride Wit Me,"Nelly, City Spud",101.83,0.4061,0.8393,0.3445,-8.43
3RmKpob8xzv1pzHEQrMJah,Let Me Blow Ya Mind,"Eve, Gwen Stefani",90.1,0.8629,0.5582,0.5838,-2.45
6zsk6uF3MxfIeHPlubKBvR,Get Ur Freak On,Missy Elliott,177.4,0.8155,0.6649,0.4213,-4.85
6dF5QhnUT1pjG0mDCbEYVf,Baby Boy (feat. Sean Paul),"Beyoncé, Sean Paul",182.1,0.6955,0.4338,0.2736,-5.92
0l3GEbH3CviUytD6iX4wzg,Right Thurr,Chingy,184.6,0.7191,0.3501,0.6374,-8.21
1kiNatIrwDusOZfR29W0LJ,Man in the Mirror - 2012 Remaster,Michael Jackson,100.3,0.4113,0.6308,0.3567,-1.93
46eu3SBuFCXWsPT39Yg3tJ,Don't Stop 'Til You Get Enough,Michael Jackson,118.8,0.8659,0.8935,0.571,-4.02
2bCQHF9gdG5BNDVuEIEnNk,Smooth Criminal - 2012 Remaster,Michael Jackson,118.1,0.8116,0.6805,0.6838,-5.7
7oOOI85fVQvVnK5ynNMdW7,Rock with You - Single Version,Michael Jackson,113.9,0.7573,0.4229,0.3455,-5.83
2WzQbiXKpmRNLWXbqo8Z7b,Liberian Girl - 2012 Remastered Version,Michael Jackson,105.2,0.6093,0.747,0.5137,-3.64
6JyGRAFxCTEbSvhrLb206x,Human Nature,Michael Jackson,186.2,0.8774,0.4423,0.6973,-3.62
5BKKy9fIJL5uM9fz1SnqyP,Chicago,Michael Jackson,88,0.8021,0.5133,0.7375,-0.77
3yBlJtq86wROQpHi1goEKT,Dirty Diana - 2012 Remaster,Michael Jackson,131.2,0.5916,0.3383,0.2399,-4.27
7EsjkelQuoUlJXEw7SeVV4,Black or White,Michael Jackson,115.2,0.9111,0.7194,0.3246,-5.68
1AZXNAVDD9ZFIEKySgflFz,Heaven Can Wait,Michael Jackson,117.5,0.2065,0.6122,0.4286,-4.4
3wuCCNCnBhJlwkIJTBZFiv,They Don't Care About Us,Michael Jackson,179.8,0.8189,0.7542,0.364,-10.38
2pSccP1kWvZcc9V9vWTfBW,Earth Song - Radio Edit,Michael Jackson,138.3,0.9459,0.56,0.511,-8.95
2x4x2j4mrdFMuSQnIJDVWM,Thriller,Michael Jackson,118.5,0.7784,0.5,0.08,-6.44
48td6xvpokdYwvbl3JIiXP,Love Never Felt So Good,"Michael Jackson, Justin Timberlake",117.5,0.7091,0.4222,0.5839,-8.57
1Lhwn4PqeGpM4LTVUowW76,You Rock My World,Michael Jackson,95,0.486,0.8329,0.4608,-4.46
2rTP0iwaMxRy2HFW2nHKq9,Wanna Be Startin' Somethin',Michael Jackson,122,0.8844,0.7388,0.315,-6.15
36lVpg8hgy37iZEazTOJBb,Blue Gangsta,Michael Jackson,123.8,0.6797,0.5398,0.4768,-3.59
1URAAak0dRPksAeugKMpEu,P.Y.T. (Pretty Young Thing),Michael Jackson,127.2,0.8297,0.5485,0.671,0
4jnFqNWeJCeCRHc4HCdxfd,Remember the Time,Michael Jackson,108,0.5366,0.4436,0.6616,-7.97
5lWFrW5T3JtxVCLDb7etPu,Bad - 2012 Remaster,Michael Jackson,114.2,0.7377,0.3258,0.2193,-7.39
0sKlV58cODrjxGFOyf9IXY,The Way You Make Me Feel - 2012 Remaster,Michael Jackson,114.5,0.7988,0.5186,0.9518,-8.51
5UHM8Z6GXhaB6RUlBemByI,Break of Dawn,Michael Jackson,80.9,0.6083,0.4447,0.3295,-12.95
7woW97CfcWaKtuC6W5BP2K,Heal the World,Michael Jackson,162.1,0.5198,0.6971,0.7759,-4.95
5Bw9bAHGaykCFLP0VyqNbJ,2 Bad,Michael Jackson,103.9,0.8686,0.8039,0.4027,-4.96
